as_of,turbine_id,valid_at,normalized_power,wind_speed_ms,temperature_c,extrapolated
2026-01-31T19:00:00Z,turbine_1,2026-01-31T20:00:00Z,0.014152568288054647,1.8696796557808457,-1.2520605468749864,False
2026-01-31T19:00:00Z,turbine_1,2026-01-31T21:00:00Z,0.010207083588957503,1.084311082990922,-1.6193196614583105,False
2026-01-31T19:00:00Z,turbine_1,2026-01-31T22:00:00Z,0.009982893450635386,0.57768750239871,-1.890042317708302,True
2026-01-31T19:00:00Z,turbine_1,2026-01-31T23:00:00Z,0.009982893450635386,0.4778271254208001,-2.0642285156249613,True
2026-01-31T19:00:00Z,turbine_1,2026-02-01T00:00:00Z,0.00999510825546378,0.7845971207120941,-2.23841471354162,False
2026-01-31T19:00:00Z,turbine_1,2026-02-01T01:00:00Z,0.009988474252387379,0.775217239973014,-2.3155989583332826,False
2026-01-31T19:00:00Z,turbine_1,2026-02-01T02:00:00Z,0.009982893450635386,0.33679518113312334,-2.2957812499999477,True
2026-01-31T19:00:00Z,turbine_1,2026-02-01T03:00:00Z,0.009982893450635386,0.2978603949496133,-2.275963541666613,True
2026-01-31T19:00:00Z,turbine_1,2026-02-01T04:00:00Z,0.009982893450635386,0.47878845784009405,-1.326191406249952,True
2026-01-31T19:00:00Z,turbine_1,2026-02-01T05:00:00Z,0.010130281333294588,0.9757196352158667,0.5535351562500351,False
2026-01-31T19:00:00Z,turbine_1,2026-02-01T06:00:00Z,0.014807756513606633,1.9323967644337094,2.433261718750022,False
2026-01-31T19:00:00Z,turbine_1,2026-02-01T07:00:00Z,0.018395257264476633,2.2758059796939305,3.5849739583333546,False
2026-01-31T19:00:00Z,turbine_1,2026-02-01T08:00:00Z,0.0161768415138085,2.0634507873296895,4.008671875000033,False
2026-01-31T19:00:00Z,turbine_1,2026-02-01T09:00:00Z,0.015304371615273732,1.9799346506093474,4.43236979166671,False
2026-01-31T19:00:00Z,turbine_1,2026-02-01T10:00:00Z,0.014052497319918972,1.8601004821376155,4.057161458333383,False
2026-01-31T19:00:00Z,turbine_1,2026-02-01T11:00:00Z,0.012469204972427438,1.7085417173212667,2.8830468750000477,False
2026-01-31T19:00:00Z,turbine_1,2026-02-01T12:00:00Z,0.0125728136869531,1.718459537503116,1.708932291666713,False
2026-01-31T19:00:00Z,turbine_1,2026-02-01T13:00:00Z,0.01278821311266615,1.7390783897036854,1.0374869791667056,False
2026-01-31T19:00:00Z,turbine_1,2026-02-01T14:00:00Z,0.012239877385283138,1.6865896085392278,0.8687109375000261,False
2026-01-31T19:00:00Z,turbine_1,2026-02-01T15:00:00Z,0.011731658349619676,1.637940949671304,0.6999348958333466,False
2026-01-31T19:00:00Z,turbine_1,2026-02-01T16:00:00Z,0.01240337435759201,1.7022401605131603,0.5419010416666765,False
2026-01-31T19:00:00Z,turbine_1,2026-02-01T17:00:00Z,0.014234205775346686,1.8774943065345706,0.3946093750000159,False
2026-01-31T19:00:00Z,turbine_1,2026-02-01T18:00:00Z,0.016065283341160835,2.0527720147843436,0.2473177083333553,False
2026-01-31T19:00:00Z,turbine_1,2026-02-01T19:00:00Z,0.018080480224255104,2.245674324296173,0.10167317708336061,False
2026-01-31T19:00:00Z,turbine_2,2026-01-31T20:00:00Z,0.013236876660381692,1.8696796557808457,-1.2520605468749864,False
2026-01-31T19:00:00Z,turbine_2,2026-01-31T21:00:00Z,0.009955869232543456,1.084311082990922,-1.6193196614583105,False
2026-01-31T19:00:00Z,turbine_2,2026-01-31T22:00:00Z,0.009947344322344322,0.57768750239871,-1.890042317708302,True
2026-01-31T19:00:00Z,turbine_2,2026-01-31T23:00:00Z,0.009947344322344322,0.4778271254208001,-2.0642285156249613,True
2026-01-31T19:00:00Z,turbine_2,2026-02-01T00:00:00Z,0.00994799466749167,0.7845971207120941,-2.23841471354162,False
2026-01-31T19:00:00Z,turbine_2,2026-02-01T01:00:00Z,0.009947748224247932,0.775217239973014,-2.3155989583332826,False
2026-01-31T19:00:00Z,turbine_2,2026-02-01T02:00:00Z,0.009947344322344322,0.33679518113312334,-2.2957812499999477,True
2026-01-31T19:00:00Z,turbine_2,2026-02-01T03:00:00Z,0.009947344322344322,0.2978603949496133,-2.275963541666613,True
2026-01-31T19:00:00Z,turbine_2,2026-02-01T04:00:00Z,0.009947344322344322,0.47878845784009405,-1.326191406249952,True
2026-01-31T19:00:00Z,turbine_2,2026-02-01T05:00:00Z,0.009953016144175231,0.9757196352158667,0.5535351562500351,False
2026-01-31T19:00:00Z,turbine_2,2026-02-01T06:00:00Z,0.01381248746957341,1.9323967644337094,2.433261718750022,False
2026-01-31T19:00:00Z,turbine_2,2026-02-01T07:00:00Z,0.016964259936858597,2.2758059796939305,3.5849739583333546,False
2026-01-31T19:00:00Z,turbine_2,2026-02-01T08:00:00Z,0.015015287053089299,2.0634507873296895,4.008671875000033,False
2026-01-31T19:00:00Z,turbine_2,2026-02-01T09:00:00Z,0.014248785024045786,1.9799346506093474,4.43236979166671,False
2026-01-31T19:00:00Z,turbine_2,2026-02-01T10:00:00Z,0.013148960045432385,1.8601004821376155,4.057161458333383,False
2026-01-31T19:00:00Z,turbine_2,2026-02-01T11:00:00Z,0.011757970168349572,1.7085417173212667,2.8830468750000477,False
2026-01-31T19:00:00Z,turbine_2,2026-02-01T12:00:00Z,0.011848994844437404,1.718459537503116,1.708932291666713,False
2026-01-31T19:00:00Z,turbine_2,2026-02-01T13:00:00Z,0.01203823242975827,1.7390783897036854,1.0374869791667056,False
2026-01-31T19:00:00Z,turbine_2,2026-02-01T14:00:00Z,0.01155649609897828,1.6865896085392278,0.8687109375000261,False
2026-01-31T19:00:00Z,turbine_2,2026-02-01T15:00:00Z,0.011110003993418197,1.637940949671304,0.6999348958333466,False
2026-01-31T19:00:00Z,turbine_2,2026-02-01T16:00:00Z,0.01170013516460987,1.7022401605131603,0.5419010416666765,False
2026-01-31T19:00:00Z,turbine_2,2026-02-01T17:00:00Z,0.013308598675961198,1.8774943065345706,0.3946093750000159,False
2026-01-31T19:00:00Z,turbine_2,2026-02-01T18:00:00Z,0.01491727843888447,2.0527720147843436,0.2473177083333553,False
2026-01-31T19:00:00Z,turbine_2,2026-02-01T19:00:00Z,0.016687714877331252,2.245674324296173,0.10167317708336061,False
2026-02-01T19:00:00Z,turbine_1,2026-02-01T20:00:00Z,0.013866779610537061,1.8423228767048356,0.06970703125003297,False
2026-02-01T19:00:00Z,turbine_1,2026-02-01T21:00:00Z,0.018230146746182063,2.260000972961877,0.01451171875003373,False
2026-02-01T19:00:00Z,turbine_1,2026-02-01T22:00:00Z,0.02088349561779707,2.4937386947364635,-0.11706705729163029,False
2026-02-01T19:00:00Z,turbine_1,2026-02-01T23:00:00Z,0.02225419526232547,2.5432779327398585,-0.3250292968749591,False
2026-02-01T19:00:00Z,turbine_1,2026-02-02T00:00:00Z,0.02362743490236442,2.5929089701703756,-0.5329915364582879,False
2026-02-01T19:00:00Z,turbine_1,2026-02-02T01:00:00Z,0.025889003854447562,2.6746456241671615,-0.5384765624999563,False
2026-02-01T19:00:00Z,turbine_1,2026-02-02T02:00:00Z,0.029094450093419367,2.7904954857859305,-0.34148437499996476,False
2026-02-01T19:00:00Z,turbine_1,2026-02-02T03:00:00Z,0.032406698550786935,2.9102053473233678,-0.14449218749997308,False
2026-02-01T19:00:00Z,turbine_1,2026-02-02T04:00:00Z,0.034811110677193155,2.9971045779927303,0.8838281250000269,False
2026-02-01T19:00:00Z,turbine_1,2026-02-02T05:00:00Z,0.036946542333703265,3.074282432013576,2.7434765625000352,False
2026-02-01T19:00:00Z,turbine_1,2026-02-02T06:00:00Z,0.04039531312471666,3.198926425113867,4.603125000000044,False
2026-02-01T19:00:00Z,turbine_1,2026-02-02T07:00:00Z,0.044236813716967985,3.3377642900607105,5.7409895833333735,False
2026-02-01T19:00:00Z,turbine_1,2026-02-02T08:00:00Z,0.04814183474191035,3.4788978832115567,6.157070312500025,False
2026-02-01T19:00:00Z,turbine_1,2026-02-02T09:00:00Z,0.0557224104278636,3.640069222302805,6.5731510416666765,False
2026-02-01T19:00:00Z,turbine_1,2026-02-02T10:00:00Z,0.03560104534215997,3.025654057472888,5.674843750000008,False
2026-02-01T19:00:00Z,turbine_1,2026-02-02T11:00:00Z,0.01176035260890073,1.640687673294927,3.4621484375000193,False
2026-02-01T19:00:00Z,turbine_1,2026-02-02T12:00:00Z,0.00999779997511339,0.7884029690069498,1.2494531250000307,False
2026-02-01T19:00:00Z,turbine_1,2026-02-02T13:00:00Z,0.009982893450635386,0.6465785276440392,0.29145182291670346,True
2026-02-01T19:00:00Z,turbine_1,2026-02-02T14:00:00Z,0.009982893450635386,0.7469121567934204,0.5881445312500375,True
2026-02-01T19:00:00Z,turbine_1,2026-02-02T15:00:00Z,0.010094943654767648,0.9257553517566408,0.8848372395833717,False
2026-02-01T19:00:00Z,turbine_1,2026-02-02T16:00:00Z,0.010165923004975081,1.0261137375179548,0.9030110677083675,False
2026-02-01T19:00:00Z,turbine_1,2026-02-02T17:00:00Z,0.010222649195890839,1.1063194443052997,0.642666015625025,False
2026-02-01T19:00:00Z,turbine_1,2026-02-02T18:00:00Z,0.010381741144712391,1.3312610804951508,0.3823209635416826,False
2026-02-01T19:00:00Z,turbine_1,2026-02-02T19:00:00Z,0.011880373662915535,1.6521765450293602,0.26544596354167993,False
2026-02-01T19:00:00Z,turbine_2,2026-02-01T20:00:00Z,0.012985799114253418,1.8423228767048356,0.06970703125003297,False
2026-02-01T19:00:00Z,turbine_2,2026-02-01T21:00:00Z,0.016819203302238014,2.260000972961877,0.01451171875003373,False
2026-02-01T19:00:00Z,turbine_2,2026-02-01T22:00:00Z,0.01921042867983557,2.4937386947364635,-0.11706705729163029,False
2026-02-01T19:00:00Z,turbine_2,2026-02-01T23:00:00Z,0.02055882512266879,2.5432779327398585,-0.3250292968749591,False
2026-02-01T19:00:00Z,turbine_2,2026-02-02T00:00:00Z,0.02190972023173053,2.5929089701703756,-0.5329915364582879,False
2026-02-01T19:00:00Z,turbine_2,2026-02-02T01:00:00Z,0.024134490291593036,2.6746456241671615,-0.5384765624999563,False
2026-02-01T19:00:00Z,turbine_2,2026-02-02T02:00:00Z,0.027287779433803172,2.7904954857859305,-0.34148437499996476,False
2026-02-01T19:00:00Z,turbine_2,2026-02-02T03:00:00Z,0.030546132972831687,2.9102053473233678,-0.14449218749997308,False
2026-02-01T19:00:00Z,turbine_2,2026-02-02T04:00:00Z,0.03291142194864278,2.9971045779927303,0.8838281250000269,False
2026-02-01T19:00:00Z,turbine_2,2026-02-02T05:00:00Z,0.03501210714327735,3.074282432013576,2.7434765625000352,False
2026-02-01T19:00:00Z,turbine_2,2026-02-02T06:00:00Z,0.038404761606501886,3.198926425113867,4.603125000000044,False
2026-02-01T19:00:00Z,turbine_2,2026-02-02T07:00:00Z,0.04218375560741998,3.3377642900607105,5.7409895833333735,False
2026-02-01T19:00:00Z,turbine_2,2026-02-02T08:00:00Z,0.04602523647468383,3.4788978832115567,6.157070312500025,False
2026-02-01T19:00:00Z,turbine_2,2026-02-02T09:00:00Z,0.05306809774361053,3.640069222302805,6.5731510416666765,False
2026-02-01T19:00:00Z,turbine_2,2026-02-02T10:00:00Z,0.03368850327099066,3.025654057472888,5.674843750000008,False
2026-02-01T19:00:00Z,turbine_2,2026-02-02T11:00:00Z,0.01113521312441259,1.640687673294927,3.4621484375000193,False
2026-02-01T19:00:00Z,turbine_2,2026-02-02T12:00:00Z,0.009948094660831144,0.7884029690069498,1.2494531250000307,False
2026-02-01T19:00:00Z,turbine_2,2026-02-02T13:00:00Z,0.009947344322344322,0.6465785276440392,0.29145182291670346,True
2026-02-01T19:00:00Z,turbine_2,2026-02-02T14:00:00Z,0.009947344322344322,0.7469121567934204,0.5881445312500375,True
2026-02-01T19:00:00Z,turbine_2,2026-02-02T15:00:00Z,0.009951703402528583,0.9257553517566408,0.8848372395833717,False
2026-02-01T19:00:00Z,turbine_2,2026-02-02T16:00:00Z,0.00995434017871065,1.0261137375179548,0.9030110677083675,False
2026-02-01T19:00:00Z,turbine_2,2026-02-02T17:00:00Z,0.00995644747144676,1.1063194443052997,0.642666015625025,False
2026-02-01T19:00:00Z,turbine_2,2026-02-02T18:00:00Z,0.009962357498238853,1.3312610804951508,0.3823209635416826,False
2026-02-01T19:00:00Z,turbine_2,2026-02-02T19:00:00Z,0.011240656740960035,1.6521765450293602,0.26544596354167993,False
2026-02-02T19:00:00Z,turbine_1,2026-02-02T20:00:00Z,0.01555664027680595,2.004082766277481,0.7062597656250205,False
2026-02-02T19:00:00Z,turbine_1,2026-02-02T21:00:00Z,0.024733901906479522,2.632898425539805,0.7404069010416947,False
2026-02-02T19:00:00Z,turbine_1,2026-02-02T22:00:00Z,0.028100296054413762,2.7545651973767002,0.5954980468750269,False
2026-02-02T19:00:00Z,turbine_1,2026-02-02T23:00:00Z,0.019406044525402805,2.372562380367995,0.27153320312501705,False
2026-02-02T19:00:00Z,turbine_1,2026-02-03T00:00:00Z,0.01553504015419548,2.0020151203952086,-0.05243164062499278,False
2026-02-02T19:00:00Z,turbine_1,2026-02-03T01:00:00Z,0.012901635681149194,1.7499356293087547,-0.10231445312498977,False
2026-02-02T19:00:00Z,turbine_1,2026-02-03T02:00:00Z,0.01144867438202112,1.6108526480951504,0.12188476562502615,False
2026-02-02T19:00:00Z,turbine_1,2026-02-03T03:00:00Z,0.010483739988809016,1.4754782269348121,0.34608398437504206,False
2026-02-02T19:00:00Z,turbine_1,2026-02-03T04:00:00Z,0.010237321459192775,1.1270646984692783,1.0102766927083828,False
2026-02-02T19:00:00Z,turbine_1,2026-02-03T05:00:00Z,0.009982893450635386,0.5636825509812977,2.114462890625049,True
2026-02-02T19:00:00Z,turbine_1,2026-02-03T06:00:00Z,0.009982893450635386,0.28241755830629467,3.2186490885417145,True
2026-02-02T19:00:00Z,turbine_1,2026-02-03T07:00:00Z,0.009982893450635386,0.5951922350590682,3.8531998697917134,True
2026-02-02T19:00:00Z,turbine_1,2026-02-03T08:00:00Z,0.010308134729451086,1.2271882621935855,4.0181152343750455,False
2026-02-02T19:00:00Z,turbine_1,2026-02-03T09:00:00Z,0.01412688477782747,1.8672211325066406,4.183030598958377,False
2026-02-02T19:00:00Z,turbine_1,2026-02-03T10:00:00Z,0.01843897675727058,2.27999097581088,3.7612695312500364,False
2026-02-02T19:00:00Z,turbine_1,2026-02-03T11:00:00Z,0.021482997070967003,2.515405618843812,2.7528320312500227,False
2026-02-02T19:00:00Z,turbine_1,2026-02-03T12:00:00Z,0.030410129388849134,2.8380462019567654,1.744394531250009,False
2026-02-02T19:00:00Z,turbine_1,2026-02-03T13:00:00Z,0.036363939518453764,3.053226251222034,1.2627994791666688,False
2026-02-02T19:00:00Z,turbine_1,2026-02-03T14:00:00Z,0.038341950993955286,3.1247146926537304,1.3080468750000023,False
2026-02-02T19:00:00Z,turbine_1,2026-02-03T15:00:00Z,0.04032999058925633,3.196565566085361,1.3532942708333358,False
2026-02-02T19:00:00Z,turbine_1,2026-02-03T16:00:00Z,0.04081061109473815,3.2139359460263055,1.250481770833337,False
2026-02-02T19:00:00Z,turbine_1,2026-02-03T17:00:00Z,0.03982306290234948,3.178244403289095,0.9996093750000057,False
2026-02-02T19:00:00Z,turbine_1,2026-02-03T18:00:00Z,0.03892513945891332,3.145792039745573,0.7487369791666747,False
2026-02-02T19:00:00Z,turbine_1,2026-02-03T19:00:00Z,0.037549347108601513,3.0960687433564535,0.5259667968750155,False
2026-02-02T19:00:00Z,turbine_2,2026-02-02T20:00:00Z,0.014470413806028148,2.004082766277481,0.7062597656250205,False
2026-02-02T19:00:00Z,turbine_2,2026-02-02T21:00:00Z,0.022998183469039132,2.632898425539805,0.7404069010416947,False
2026-02-02T19:00:00Z,turbine_2,2026-02-02T22:00:00Z,0.02630980167246462,2.7545651973767002,0.5954980468750269,False
2026-02-02T19:00:00Z,turbine_2,2026-02-02T23:00:00Z,0.017852279669954722,2.372562380367995,0.27153320312501705,False
2026-02-02T19:00:00Z,turbine_2,2026-02-03T00:00:00Z,0.014451437176764129,2.0020151203952086,-0.05243164062499278,False
2026-02-02T19:00:00Z,turbine_2,2026-02-03T01:00:00Z,0.012137878995247334,1.7499356293087547,-0.10231445312498977,False
2026-02-02T19:00:00Z,turbine_2,2026-02-03T02:00:00Z,0.010861390504614338,1.6108526480951504,0.12188476562502615,False
2026-02-02T19:00:00Z,turbine_2,2026-02-03T03:00:00Z,0.009966146601998276,1.4754782269348121,0.34608398437504206,False
2026-02-02T19:00:00Z,turbine_2,2026-02-03T04:00:00Z,0.009956992523976806,1.1270646984692783,1.0102766927083828,False
2026-02-02T19:00:00Z,turbine_2,2026-02-03T05:00:00Z,0.009947344322344322,0.5636825509812977,2.114462890625049,True
2026-02-02T19:00:00Z,turbine_2,2026-02-03T06:00:00Z,0.009947344322344322,0.28241755830629467,3.2186490885417145,True
2026-02-02T19:00:00Z,turbine_2,2026-02-03T07:00:00Z,0.009947344322344322,0.5951922350590682,3.8531998697917134,True
2026-02-02T19:00:00Z,turbine_2,2026-02-03T08:00:00Z,0.009959623130538373,1.2271882621935855,4.0181152343750455,False
2026-02-02T19:00:00Z,turbine_2,2026-02-03T09:00:00Z,0.013214312600882159,1.8672211325066406,4.183030598958377,False
2026-02-02T19:00:00Z,turbine_2,2026-02-03T10:00:00Z,0.017002669376532782,2.27999097581088,3.7612695312500364,False
2026-02-02T19:00:00Z,turbine_2,2026-02-03T11:00:00Z,0.01980017540527943,2.515405618843812,2.7528320312500227,False
2026-02-02T19:00:00Z,turbine_2,2026-02-03T12:00:00Z,0.02858205078562598,2.8380462019567654,1.744394531250009,False
2026-02-02T19:00:00Z,turbine_2,2026-02-03T13:00:00Z,0.034438984091263045,3.053226251222034,1.2627994791666688,False
2026-02-02T19:00:00Z,turbine_2,2026-02-03T14:00:00Z,0.03638481055156476,3.1247146926537304,1.3080468750000023,False
2026-02-02T19:00:00Z,turbine_2,2026-02-03T15:00:00Z,0.038340501960121176,3.196565566085361,1.3532942708333358,False
2026-02-02T19:00:00Z,turbine_2,2026-02-03T16:00:00Z,0.038813302097285694,3.2139359460263055,1.250481770833337,False
2026-02-02T19:00:00Z,turbine_2,2026-02-03T17:00:00Z,0.03784182269619385,3.178244403289095,0.9996093750000057,False
2026-02-02T19:00:00Z,turbine_2,2026-02-03T18:00:00Z,0.03695850972394715,3.145792039745573,0.7487369791666747,False
2026-02-02T19:00:00Z,turbine_2,2026-02-03T19:00:00Z,0.035605103440781556,3.0960687433564535,0.5259667968750155,False
2026-02-03T19:00:00Z,turbine_1,2026-02-03T20:00:00Z,0.05974536981008108,3.725576144798435,1.3321679687500136,False
2026-02-03T19:00:00Z,turbine_1,2026-02-03T21:00:00Z,0.049138963094464305,3.5001398152649585,0.7837044270833454,False
2026-02-03T19:00:00Z,turbine_1,2026-02-03T22:00:00Z,0.04446475599577966,3.346002482027976,0.4105664062500125,False
2026-02-03T19:00:00Z,turbine_1,2026-02-03T23:00:00Z,0.04194773359827835,3.2550333392931403,0.21275390625001478,False
2026-02-03T19:00:00Z,turbine_1,2026-02-04T00:00:00Z,0.03943892138804088,3.164360925621115,0.014941406250017053,False
2026-02-03T19:00:00Z,turbine_1,2026-02-04T01:00:00Z,0.030000828102378113,2.82325341060636,0.05142903645834926,False
2026-02-03T19:00:00Z,turbine_1,2026-02-04T02:00:00Z,0.018070025535888316,2.24467356176617,0.32221679687501137,False
2026-02-03T19:00:00Z,turbine_1,2026-02-04T03:00:00Z,0.012461463988430465,1.707800720893852,0.5930045572916736,False
2026-02-03T19:00:00Z,turbine_1,2026-02-04T04:00:00Z,0.01044686998644977,1.4233473760750033,0.7957519531250057,False
2026-02-03T19:00:00Z,turbine_1,2026-02-04T05:00:00Z,0.010404024630455467,1.362767915254486,0.930458984375008,False
2026-02-03T19:00:00Z,turbine_1,2026-02-04T06:00:00Z,0.010361246038732355,1.302282853078974,1.0651660156250102,False
2026-02-03T19:00:00Z,turbine_1,2026-02-04T07:00:00Z,0.010357928372389073,1.2975919727351393,1.3586132812500105,False
2026-02-03T19:00:00Z,turbine_1,2026-02-04T08:00:00Z,0.010406759988823127,1.3666354647523997,1.810800781250009,False
2026-02-03T19:00:00Z,turbine_1,2026-02-04T09:00:00Z,0.010478868263674383,1.4685900479228087,2.2629882812500073,False
2026-02-03T19:00:00Z,turbine_1,2026-02-04T10:00:00Z,0.010366768944536408,1.31009174270091,2.183919270833343,False
2026-02-03T19:00:00Z,turbine_1,2026-02-04T11:00:00Z,0.010102950572997323,0.9370764104322207,1.5735937500000148,False
2026-02-03T19:00:00Z,turbine_1,2026-02-04T12:00:00Z,0.009984930382002086,0.7702065275591075,0.9632682291666868,False
2026-02-03T19:00:00Z,turbine_1,2026-02-04T13:00:00Z,0.010122734209387429,0.965048684154048,0.4540917968750193,False
2026-02-03T19:00:00Z,turbine_1,2026-02-04T14:00:00Z,0.010421742698995021,1.3878196627309172,0.046064453125012506,False
2026-02-03T19:00:00Z,turbine_1,2026-02-04T15:00:00Z,0.01369947281682968,1.8263076341377582,-0.3619628906249943,False
2026-02-03T19:00:00Z,turbine_1,2026-02-04T16:00:00Z,0.01741144363451938,2.1816315975578435,-0.623430989583331,False
2026-02-03T19:00:00Z,turbine_1,2026-02-04T17:00:00Z,0.020222597416422534,2.450725928474723,-0.7383398437499977,False
2026-02-03T19:00:00Z,turbine_1,2026-02-04T18:00:00Z,0.027193341027382835,2.7217864182168654,-0.8532486979166645,False
2026-02-03T19:00:00Z,turbine_1,2026-02-04T19:00:00Z,0.035986419763463805,3.039582094336106,-0.9402311197916617,False
2026-02-03T19:00:00Z,turbine_2,2026-02-03T20:00:00Z,0.05692671032254176,3.725576144798435,1.3321679687500136,False
2026-02-03T19:00:00Z,turbine_2,2026-02-03T21:00:00Z,0.046753598818845485,3.5001398152649585,0.7837044270833454,False
2026-02-03T19:00:00Z,turbine_2,2026-02-03T22:00:00Z,0.042407988946319475,3.346002482027976,0.4105664062500125,False
2026-02-03T19:00:00Z,turbine_2,2026-02-03T23:00:00Z,0.039931922026137254,3.2550333392931403,0.21275390625001478,False
2026-02-03T19:00:00Z,turbine_2,2026-02-04T00:00:00Z,0.03746393170198083,3.164360925621115,0.014941406250017053,False
2026-02-03T19:00:00Z,turbine_2,2026-02-04T01:00:00Z,0.028179409403958095,2.82325341060636,0.05142903645834926,False
2026-02-03T19:00:00Z,turbine_2,2026-02-04T02:00:00Z,0.016678529987560708,2.24467356176617,0.32221679687501137,False
2026-02-03T19:00:00Z,turbine_2,2026-02-04T03:00:00Z,0.011751169383645782,1.707800720893852,0.5930045572916736,False
2026-02-03T19:00:00Z,turbine_2,2026-02-04T04:00:00Z,0.009964776936824255,1.4233473760750033,0.7957519531250057,False
2026-02-03T19:00:00Z,turbine_2,2026-02-04T05:00:00Z,0.00996318529624333,1.362767915254486,0.930458984375008,False
2026-02-03T19:00:00Z,turbine_2,2026-02-04T06:00:00Z,0.009961596135854735,1.302282853078974,1.0651660156250102,False
2026-02-03T19:00:00Z,turbine_2,2026-02-04T07:00:00Z,0.009961472889536357,1.2975919727351393,1.3586132812500105,False
2026-02-03T19:00:00Z,turbine_2,2026-02-04T08:00:00Z,0.009963286910695592,1.3666354647523997,1.810800781250009,False
2026-02-03T19:00:00Z,turbine_2,2026-02-04T09:00:00Z,0.009965965624731465,1.4685900479228087,2.2629882812500073,False
2026-02-03T19:00:00Z,turbine_2,2026-02-04T10:00:00Z,0.009961801303504726,1.31009174270091,2.183919270833343,False
2026-02-03T19:00:00Z,turbine_2,2026-02-04T11:00:00Z,0.009952000847506848,0.9370764104322207,1.5735937500000148,False
2026-02-03T19:00:00Z,turbine_2,2026-02-04T12:00:00Z,0.009947616574789365,0.7702065275591075,0.9632682291666868,False
2026-02-03T19:00:00Z,turbine_2,2026-02-04T13:00:00Z,0.009952735779865001,0.965048684154048,0.4540917968750193,False
2026-02-03T19:00:00Z,turbine_2,2026-02-04T14:00:00Z,0.009963843495860273,1.3878196627309172,0.046064453125012506,False
2026-02-03T19:00:00Z,turbine_2,2026-02-04T15:00:00Z,0.012838812957980474,1.8263076341377582,-0.3619628906249943,False
2026-02-03T19:00:00Z,turbine_2,2026-02-04T16:00:00Z,0.016099937689375524,2.1816315975578435,-0.623430989583331,False
2026-02-03T19:00:00Z,turbine_2,2026-02-04T17:00:00Z,0.018569656222245056,2.450725928474723,-0.7383398437499977,False
2026-02-03T19:00:00Z,turbine_2,2026-02-04T18:00:00Z,0.02541760407312916,2.7217864182168654,-0.8532486979166645,False
2026-02-03T19:00:00Z,turbine_2,2026-02-04T19:00:00Z,0.03406760711107649,3.039582094336106,-0.9402311197916617,False
2026-02-04T19:00:00Z,turbine_1,2026-02-04T20:00:00Z,0.047567612595558716,3.458144592956841,-1.2988769531249602,False
2026-02-04T19:00:00Z,turbine_1,2026-02-04T21:00:00Z,0.06231161957434208,3.7801210951320225,-1.4162011718749548,False
2026-02-04T19:00:00Z,turbine_1,2026-02-04T22:00:00Z,0.08254739837957743,4.2102271453164555,-1.655563151041624,False
2026-02-04T19:00:00Z,turbine_1,2026-02-04T23:00:00Z,0.11503327574893607,4.7486835635686315,-2.016962890624967,False
2026-02-04T19:00:00Z,turbine_1,2026-02-05T00:00:00Z,0.1559889261504787,5.287890700282593,-2.3783626302083105,False
2026-02-04T19:00:00Z,turbine_1,2026-02-05T01:00:00Z,0.2010853123645474,5.750591261877561,-2.4857194010416492,False
2026-02-04T19:00:00Z,turbine_1,2026-02-05T02:00:00Z,0.24696671341029663,6.137771431879351,-2.339033203124984,False
2026-02-04T19:00:00Z,turbine_1,2026-02-05T03:00:00Z,0.29423273430892244,6.527321962803573,-2.192347005208319,False
2026-02-04T19:00:00Z,turbine_1,2026-02-05T04:00:00Z,0.29482983890841913,6.5313083545325235,-1.6019694010416479,False
2026-02-04T19:00:00Z,turbine_1,2026-02-05T05:00:00Z,0.24881807317948837,6.153394533481139,-0.5679003906249706,False
2026-02-04T19:00:00Z,turbine_1,2026-02-05T06:00:00Z,0.20526947390329597,5.785900217989696,0.46616861979170676,False
2026-02-04T19:00:00Z,turbine_1,2026-02-05T07:00:00Z,0.1705013230573765,5.478955618219537,1.301754557291711,False
2026-02-04T19:00:00Z,turbine_1,2026-02-05T08:00:00Z,0.15136385098722277,5.226998649700675,1.9388574218750423,False
2026-02-04T19:00:00Z,turbine_1,2026-02-05T09:00:00Z,0.13224615772128556,4.9753020816951645,2.5759602864583733,False
2026-02-04T19:00:00Z,turbine_1,2026-02-05T10:00:00Z,0.10989802503879853,4.681074728045968,2.468971354166702,False
2026-02-04T19:00:00Z,turbine_1,2026-02-05T11:00:00Z,0.0890091983635296,4.347570970574145,1.6178906250000296,False
2026-02-04T19:00:00Z,turbine_1,2026-02-05T12:00:00Z,0.07367872867904293,4.021725949884314,0.7668098958333568,False
2026-02-04T19:00:00Z,turbine_1,2026-02-05T13:00:00Z,0.06105264969375246,3.7533620280433135,0.2824414062500201,False
2026-02-04T19:00:00Z,turbine_1,2026-02-05T14:00:00Z,0.05116533684246559,3.54320984569664,0.16478515625001933,False
2026-02-04T19:00:00Z,turbine_1,2026-02-05T15:00:00Z,0.044409224459425904,3.3439954850851343,0.047128906250018573,False
2026-02-04T19:00:00Z,turbine_1,2026-02-05T16:00:00Z,0.039284595611470685,3.158783349668507,0.06229492187501744,False
2026-02-04T19:00:00Z,turbine_1,2026-02-05T17:00:00Z,0.03440487914261987,2.982422732297327,0.21028320312501592,False
2026-02-04T19:00:00Z,turbine_1,2026-02-05T18:00:00Z,0.029573216013987873,2.807798838115257,0.35827148437501444,False
2026-02-04T19:00:00Z,turbine_1,2026-02-05T19:00:00Z,0.024616763097679344,2.6286648450090517,0.4489648437500193,False
2026-02-04T19:00:00Z,turbine_2,2026-02-04T20:00:00Z,0.045460357726354546,3.458144592956841,-1.2988769531249602,False
2026-02-04T19:00:00Z,turbine_2,2026-02-04T21:00:00Z,0.05938812309862568,3.7801210951320225,-1.4162011718749548,False
2026-02-04T19:00:00Z,turbine_2,2026-02-04T22:00:00Z,0.07879722550902878,4.2102271453164555,-1.655563151041624,False
2026-02-04T19:00:00Z,turbine_2,2026-02-04T23:00:00Z,0.10943710765582804,4.7486835635686315,-2.016962890624967,False
2026-02-04T19:00:00Z,turbine_2,2026-02-05T00:00:00Z,0.14887917672149262,5.287890700282593,-2.3783626302083105,False
2026-02-04T19:00:00Z,turbine_2,2026-02-05T01:00:00Z,0.19285494655633095,5.750591261877561,-2.4857194010416492,False
2026-02-04T19:00:00Z,turbine_2,2026-02-05T02:00:00Z,0.23754041873859685,6.137771431879351,-2.339033203124984,False
2026-02-04T19:00:00Z,turbine_2,2026-02-05T03:00:00Z,0.2836846875078581,6.527321962803573,-2.192347005208319,False
2026-02-04T19:00:00Z,turbine_2,2026-02-05T04:00:00Z,0.2842624202384917,6.5313083545325235,-1.6019694010416479,False
2026-02-04T19:00:00Z,turbine_2,2026-02-05T05:00:00Z,0.239343521599015,6.153394533481139,-0.5679003906249706,False
2026-02-04T19:00:00Z,turbine_2,2026-02-05T06:00:00Z,0.19693004517547347,5.785900217989696,0.46616861979170676,False
2026-02-04T19:00:00Z,turbine_2,2026-02-05T07:00:00Z,0.16285524487077635,5.478955618219537,1.301754557291711,False
2026-02-04T19:00:00Z,turbine_2,2026-02-05T08:00:00Z,0.14442502858235917,5.226998649700675,1.9388574218750423,False
2026-02-04T19:00:00Z,turbine_2,2026-02-05T09:00:00Z,0.1260138601409252,4.9753020816951645,2.5759602864583733,False
2026-02-04T19:00:00Z,turbine_2,2026-02-05T10:00:00Z,0.10449163832026795,4.681074728045968,2.468971354166702,False
2026-02-04T19:00:00Z,turbine_2,2026-02-05T11:00:00Z,0.08499504664807092,4.347570970574145,1.6178906250000296,False
2026-02-04T19:00:00Z,turbine_2,2026-02-05T12:00:00Z,0.07029086061354083,4.021725949884314,0.7668098958333568,False
2026-02-04T19:00:00Z,turbine_2,2026-02-05T13:00:00Z,0.05818058492679831,3.7533620280433135,0.2824414062500201,False
2026-02-04T19:00:00Z,turbine_2,2026-02-05T14:00:00Z,0.04869719070998307,3.54320984569664,0.16478515625001933,False
2026-02-04T19:00:00Z,turbine_2,2026-02-05T15:00:00Z,0.04235336098578606,3.3439954850851343,0.047128906250018573,False
2026-02-04T19:00:00Z,turbine_2,2026-02-05T16:00:00Z,0.03731211702179513,3.158783349668507,0.06229492187501744,False
2026-02-04T19:00:00Z,turbine_2,2026-02-05T17:00:00Z,0.032511800369712726,2.982422732297327,0.21028320312501592,False
2026-02-04T19:00:00Z,turbine_2,2026-02-05T18:00:00Z,0.02775875516274666,2.807798838115257,0.35827148437501444,False
2026-02-04T19:00:00Z,turbine_2,2026-02-05T19:00:00Z,0.022882950672609672,2.6286648450090517,0.4489648437500193,False
2026-02-05T19:00:00Z,turbine_1,2026-02-05T20:00:00Z,0.01786526965434082,2.2250735500908867,-0.017480468749965887,False
2026-02-05T19:00:00Z,turbine_1,2026-02-05T21:00:00Z,0.013402053231924824,1.7978375003739038,0.07479817708336138,False
2026-02-05T19:00:00Z,turbine_1,2026-02-05T22:00:00Z,0.010373501538991201,1.3196110227379059,0.19559895833336327,False
2026-02-05T19:00:00Z,turbine_1,2026-02-05T23:00:00Z,0.009997083395221115,0.7873897898069766,0.3449218750000398,False
2026-02-05T19:00:00Z,turbine_1,2026-02-06T00:00:00Z,0.009982893450635386,0.32347689838160043,0.4942447916667163,True
2026-02-05T19:00:00Z,turbine_1,2026-02-06T01:00:00Z,0.010119988494970028,0.9611664921378279,0.5482486979167145,False
2026-02-05T19:00:00Z,turbine_1,2026-02-06T02:00:00Z,0.02489165132650593,2.638599737344168,0.5069335937500341,False
2026-02-05T19:00:00Z,turbine_1,2026-02-06T03:00:00Z,0.08771864685076218,4.320140644365384,0.46561848958335383,False
2026-02-05T19:00:00Z,turbine_1,2026-02-06T04:00:00Z,0.1663341986172693,5.424092779620926,1.1265917968750139,False
2026-02-05T19:00:00Z,turbine_1,2026-02-06T05:00:00Z,0.22561242225110423,5.957568606925516,2.489853515625015,False
2026-02-05T19:00:00Z,turbine_1,2026-02-06T06:00:00Z,0.2906994511745569,6.503733046096602,3.8531152343750152,False
2026-02-05T19:00:00Z,turbine_1,2026-02-06T07:00:00Z,0.32960432520717775,6.763469896541643,3.9601334635416854,False
2026-02-05T19:00:00Z,turbine_1,2026-02-06T08:00:00Z,0.32949562356611745,6.762744182281175,2.810908203125024,False
2026-02-05T19:00:00Z,turbine_1,2026-02-06T09:00:00Z,0.33874451309984044,6.824491649593087,1.6616829427083626,False
2026-02-05T19:00:00Z,turbine_1,2026-02-06T10:00:00Z,0.34104780206140595,6.839868875080059,0.9593750000000322,False
2026-02-05T19:00:00Z,turbine_1,2026-02-06T11:00:00Z,0.33354002406894356,6.789745422476981,0.703984375000033,False
2026-02-05T19:00:00Z,turbine_1,2026-02-06T12:00:00Z,0.3296259673155636,6.763614383658204,0.4485937500000337,False
2026-02-05T19:00:00Z,turbine_1,2026-02-06T13:00:00Z,0.3368412960914171,6.811785385820922,0.20532877604170113,False
2026-02-05T19:00:00Z,turbine_1,2026-02-06T14:00:00Z,0.35481964232205776,6.93181248119827,-0.02581054687496477,False
2026-02-05T19:00:00Z,turbine_1,2026-02-06T15:00:00Z,0.3756105068483426,7.070616520649956,-0.2569498697916307,False
2026-02-05T19:00:00Z,turbine_1,2026-02-06T16:00:00Z,0.34441654248363673,6.862359271180647,-0.4197786458332947,False
2026-02-05T19:00:00Z,turbine_1,2026-02-06T17:00:00Z,0.26599686567779685,6.298361505899623,-0.5142968749999568,False
2026-02-05T19:00:00Z,turbine_1,2026-02-06T18:00:00Z,0.19928455158258512,5.735395150821635,-0.608815104166619,False
2026-02-05T19:00:00Z,turbine_1,2026-02-06T19:00:00Z,0.14855307147570268,5.1899929531122515,-0.8248339843749571,False
2026-02-05T19:00:00Z,turbine_2,2026-02-05T20:00:00Z,0.016498643209886976,2.2250735500908867,-0.017480468749965887,False
2026-02-05T19:00:00Z,turbine_2,2026-02-05T21:00:00Z,0.012577517163489786,1.7978375003739038,0.07479817708336138,False
2026-02-05T19:00:00Z,turbine_2,2026-02-05T22:00:00Z,0.009962051409269994,1.3196110227379059,0.19559895833336327,False
2026-02-05T19:00:00Z,turbine_2,2026-02-05T23:00:00Z,0.009948068040965126,0.7873897898069766,0.3449218750000398,False
2026-02-05T19:00:00Z,turbine_2,2026-02-06T00:00:00Z,0.009947344322344322,0.32347689838160043,0.4942447916667163,True
2026-02-05T19:00:00Z,turbine_2,2026-02-06T01:00:00Z,0.009952633780701057,0.9611664921378279,0.5482486979167145,False
2026-02-05T19:00:00Z,turbine_2,2026-02-06T02:00:00Z,0.02315336608521016,2.638599737344168,0.5069335937500341,False
2026-02-05T19:00:00Z,turbine_2,2026-02-06T03:00:00Z,0.08375721702370661,4.320140644365384,0.46561848958335383,False
2026-02-05T19:00:00Z,turbine_2,2026-02-06T04:00:00Z,0.1588421231559339,5.424092779620926,1.1265917968750139,False
2026-02-05T19:00:00Z,turbine_2,2026-02-06T05:00:00Z,0.21674274120877118,5.957568606925516,2.489853515625015,False
2026-02-05T19:00:00Z,turbine_2,2026-02-06T06:00:00Z,0.28026603470391165,6.503733046096602,3.8531152343750152,False
2026-02-05T19:00:00Z,turbine_2,2026-02-06T07:00:00Z,0.31790871762541123,6.763469896541643,3.9601334635416854,False
2026-02-05T19:00:00Z,turbine_2,2026-02-06T08:00:00Z,0.3178035425924822,6.762744182281175,2.810908203125024,False
2026-02-05T19:00:00Z,turbine_2,2026-02-06T09:00:00Z,0.3267523703358131,6.824491649593087,1.6616829427083626,False
2026-02-05T19:00:00Z,turbine_2,2026-02-06T10:00:00Z,0.32898093367685116,6.839868875080059,0.9593750000000322,False
2026-02-05T19:00:00Z,turbine_2,2026-02-06T11:00:00Z,0.32171673058038797,6.789745422476981,0.703984375000033,False
2026-02-05T19:00:00Z,turbine_2,2026-02-06T12:00:00Z,0.3179296575987174,6.763614383658204,0.4485937500000337,False
2026-02-05T19:00:00Z,turbine_2,2026-02-06T13:00:00Z,0.3249108994106325,6.811785385820922,0.20532877604170113,False
2026-02-05T19:00:00Z,turbine_2,2026-02-06T14:00:00Z,0.3423059740237903,6.93181248119827,-0.02581054687496477,False
2026-02-05T19:00:00Z,turbine_2,2026-02-06T15:00:00Z,0.36242232038107663,7.070616520649956,-0.2569498697916307,False
2026-02-05T19:00:00Z,turbine_2,2026-02-06T16:00:00Z,0.33224038202906914,6.862359271180647,-0.4197786458332947,False
2026-02-05T19:00:00Z,turbine_2,2026-02-06T17:00:00Z,0.2560745375839596,6.298361505899623,-0.5142968749999568,False
2026-02-05T19:00:00Z,turbine_2,2026-02-06T18:00:00Z,0.19110112378729532,5.735395150821635,-0.608815104166619,False
2026-02-05T19:00:00Z,turbine_2,2026-02-06T19:00:00Z,0.1417181259075196,5.1899929531122515,-0.8248339843749571,False
2026-02-06T19:00:00Z,turbine_1,2026-02-06T20:00:00Z,0.3260881434130798,6.739995151859899,-1.501865234374975,False
2026-02-06T19:00:00Z,turbine_1,2026-02-06T21:00:00Z,0.2251963412648528,5.954057417133585,-1.4454654947916388,False
2026-02-06T19:00:00Z,turbine_1,2026-02-06T22:00:00Z,0.12070309550679062,4.823330339955849,-1.4470865885416422,False
2026-02-06T19:00:00Z,turbine_1,2026-02-06T23:00:00Z,0.045324459715759796,3.3770735247370833,-1.5067285156249852,False
2026-02-06T19:00:00Z,turbine_1,2026-02-07T00:00:00Z,0.016331492912960592,2.0782546074010404,-1.5663704427083283,False
2026-02-06T19:00:00Z,turbine_1,2026-02-07T01:00:00Z,0.010188905923452955,1.0586095069464208,-1.778828124999999,False
2026-02-06T19:00:00Z,turbine_1,2026-02-07T02:00:00Z,0.01013833487893443,0.9871066208350299,-2.1441015624999977,False
2026-02-06T19:00:00Z,turbine_1,2026-02-07T03:00:00Z,0.014913777260800771,1.9425454735556271,-2.509374999999996,False
2026-02-06T19:00:00Z,turbine_1,2026-02-07T04:00:00Z,0.022168880371826356,2.540194518599831,-2.1789973958333255,False
2026-02-06T19:00:00Z,turbine_1,2026-02-07T05:00:00Z,0.022548657396421833,2.553920256754618,-1.1529687499999852,False
2026-02-06T19:00:00Z,turbine_1,2026-02-07T06:00:00Z,0.023672720056040063,2.594545646750043,-0.12694010416664514,False
2026-02-06T19:00:00Z,turbine_1,2026-02-07T07:00:00Z,0.01931378017204181,2.3637304855798176,0.38774088541669016,False
2026-02-06T19:00:00Z,turbine_1,2026-02-07T08:00:00Z,0.013931747930675519,1.8485418913852123,0.39107421875002046,False
2026-02-06T19:00:00Z,turbine_1,2026-02-07T09:00:00Z,0.010383956359754714,1.3343931943439264,0.39440755208335077,False
2026-02-06T19:00:00Z,turbine_1,2026-02-07T10:00:00Z,0.010019038299044021,0.8184320394299006,0.18995442708335494,False
2026-02-06T19:00:00Z,turbine_1,2026-02-07T11:00:00Z,0.010047396321428958,0.8585277199569553,-0.222285156249967,False
2026-02-06T19:00:00Z,turbine_1,2026-02-07T12:00:00Z,0.011430998931063314,1.6091606867091302,-0.6345247395832889,False
2026-02-06T19:00:00Z,turbine_1,2026-02-07T13:00:00Z,0.018216311541042227,2.2586766145101382,-1.0607096354166194,False
2026-02-06T19:00:00Z,turbine_1,2026-02-07T14:00:00Z,0.027077308439731218,2.7175928182558753,-1.500839843749958,False
2026-02-06T19:00:00Z,turbine_1,2026-02-07T15:00:00Z,0.04247954590922843,3.2742538714866507,-1.9409700520832966,False
2026-02-06T19:00:00Z,turbine_1,2026-02-07T16:00:00Z,0.05713062968371314,3.670000544825979,-2.174339192708298,False
2026-02-06T19:00:00Z,turbine_1,2026-02-07T17:00:00Z,0.06668959194854826,3.8731737235388533,-2.2009472656249613,False
2026-02-06T19:00:00Z,turbine_1,2026-02-07T18:00:00Z,0.07656548961838633,4.083083279265996,-2.2275553385416247,False
2026-02-06T19:00:00Z,turbine_1,2026-02-07T19:00:00Z,0.09156066813245967,4.4018017760717605,-2.3201236979166238,False
2026-02-06T19:00:00Z,turbine_2,2026-02-06T20:00:00Z,0.31450661134282576,6.739995151859899,-1.501865234374975,False
2026-02-06T19:00:00Z,turbine_2,2026-02-06T21:00:00Z,0.21633750564680204,5.954057417133585,-1.4454654947916388,False
2026-02-06T19:00:00Z,turbine_2,2026-02-06T22:00:00Z,0.11489739018794831,4.823330339955849,-1.4470865885416422,False
2026-02-06T19:00:00Z,turbine_2,2026-02-06T23:00:00Z,0.04325370408350443,3.3770735247370833,-1.5067285156249852,False
2026-02-06T19:00:00Z,turbine_2,2026-02-07T00:00:00Z,0.01515115490531386,2.0782546074010404,-1.5663704427083283,False
2026-02-06T19:00:00Z,turbine_2,2026-02-07T01:00:00Z,0.009955193959590013,1.0586095069464208,-1.778828124999999,False
2026-02-06T19:00:00Z,turbine_2,2026-02-07T02:00:00Z,0.009953315321291706,0.9871066208350299,-2.1441015624999977,False
2026-02-06T19:00:00Z,turbine_2,2026-02-07T03:00:00Z,0.013905631219267803,1.9425454735556271,-2.509374999999996,False
2026-02-06T19:00:00Z,turbine_2,2026-02-07T04:00:00Z,0.02047489842484777,2.540194518599831,-2.1789973958333255,False
2026-02-06T19:00:00Z,turbine_2,2026-02-07T05:00:00Z,0.020848495945704,2.553920256754618,-1.1529687499999852,False
2026-02-06T19:00:00Z,turbine_2,2026-02-07T06:00:00Z,0.021954268532573203,2.594545646750043,-0.12694010416664514,False
2026-02-06T19:00:00Z,turbine_2,2026-02-07T07:00:00Z,0.017771221499147498,2.3637304855798176,0.38774088541669016,False
2026-02-06T19:00:00Z,turbine_2,2026-02-07T08:00:00Z,0.01304287655531277,1.8485418913852123,0.39107421875002046,False
2026-02-06T19:00:00Z,turbine_2,2026-02-07T09:00:00Z,0.009962439790148327,1.3343931943439264,0.39440755208335077,False
2026-02-06T19:00:00Z,turbine_2,2026-02-07T10:00:00Z,0.00994888363264511,0.8184320394299006,0.18995442708335494,False
2026-02-06T19:00:00Z,turbine_2,2026-02-07T11:00:00Z,0.009949937090556131,0.8585277199569553,-0.222285156249967,False
2026-02-06T19:00:00Z,turbine_2,2026-02-07T12:00:00Z,0.010845861866839935,1.6091606867091302,-0.6345247395832889,False
2026-02-06T19:00:00Z,turbine_2,2026-02-07T13:00:00Z,0.0168070484842555,2.2586766145101382,-1.0607096354166194,False
2026-02-06T19:00:00Z,turbine_2,2026-02-07T14:00:00Z,0.02530345949808186,2.7175928182558753,-1.500839843749958,False
2026-02-06T19:00:00Z,turbine_2,2026-02-07T15:00:00Z,0.040455081006445244,3.2742538714866507,-1.9409700520832966,False
2026-02-06T19:00:00Z,turbine_2,2026-02-07T16:00:00Z,0.05441878812306922,3.670000544825979,-2.174339192708298,False
2026-02-06T19:00:00Z,turbine_2,2026-02-07T17:00:00Z,0.06358724560232193,3.8731737235388533,-2.2009472656249613,False
2026-02-06T19:00:00Z,turbine_2,2026-02-07T18:00:00Z,0.0730596909731399,4.083083279265996,-2.2275553385416247,False
2026-02-06T19:00:00Z,turbine_2,2026-02-07T19:00:00Z,0.08744228322437697,4.4018017760717605,-2.3201236979166238,False
2026-02-07T19:00:00Z,turbine_1,2026-02-07T20:00:00Z,0.17299889913047606,5.511837792715552,-3.189365234374975,False
2026-02-07T19:00:00Z,turbine_1,2026-02-07T21:00:00Z,0.12606503106569975,4.89392362541507,-3.283330078124986,False
2026-02-07T19:00:00Z,turbine_1,2026-02-07T22:00:00Z,0.09085023590557123,4.386701729665261,-3.5322395833333173,False
2026-02-07T19:00:00Z,turbine_1,2026-02-07T23:00:00Z,0.07315705067309414,4.010637823809884,-3.9360937499999693,False
2026-02-07T19:00:00Z,turbine_1,2026-02-08T00:00:00Z,0.057817178912999215,3.684592964525141,-4.339947916666622,False
2026-02-07T19:00:00Z,turbine_1,2026-02-08T01:00:00Z,0.04375118832335089,3.320213025601773,-4.4101627604166165,False
2026-02-07T19:00:00Z,turbine_1,2026-02-08T02:00:00Z,0.03187831145100152,2.8911086076410584,-4.146738281249952,False
2026-02-07T19:00:00Z,turbine_1,2026-02-08T03:00:00Z,0.020391223697659826,2.466867477406219,-3.8833138020832885,False
2026-02-07T19:00:00Z,turbine_1,2026-02-08T04:00:00Z,0.013651782709526352,1.8217425556995894,-3.1618066406249548,False
2026-02-07T19:00:00Z,turbine_1,2026-02-08T05:00:00Z,0.010195102385740243,1.0673707445565976,-1.982216796874951,False
2026-02-07T19:00:00Z,turbine_1,2026-02-08T06:00:00Z,0.010056986098487977,0.8720867979513504,-0.8026269531249473,False
2026-02-07T19:00:00Z,turbine_1,2026-02-08T07:00:00Z,0.010413294981686423,1.3758753539991364,0.11886718750004849,False
2026-02-07T19:00:00Z,turbine_1,2026-02-08T08:00:00Z,0.01720569753205535,2.161936798170586,0.7822656250000364,False
2026-02-07T19:00:00Z,turbine_1,2026-02-08T09:00:00Z,0.03443721399333338,2.9835913645879204,1.445664062500024,False
2026-02-07T19:00:00Z,turbine_1,2026-02-08T10:00:00Z,0.056711497479809594,3.6610920022657387,1.2524641927083544,False
2026-02-07T19:00:00Z,turbine_1,2026-02-08T11:00:00Z,0.08393284034701486,4.23967434268452,0.20266601562502717,False
2026-02-07T19:00:00Z,turbine_1,2026-02-08T12:00:00Z,0.12694085708998246,4.905454431010463,-0.8471321614583001,False
2026-02-07T19:00:00Z,turbine_1,2026-02-08T13:00:00Z,0.1650776051555234,5.407548928995226,-1.6735872395832985,False
2026-02-07T19:00:00Z,turbine_1,2026-02-08T14:00:00Z,0.19707421375497466,5.716742734889474,-2.276699218749968,False
2026-02-07T19:00:00Z,turbine_1,2026-02-08T15:00:00Z,0.23477303737620192,6.034872447711017,-2.879811197916638,False
2026-02-07T19:00:00Z,turbine_1,2026-02-08T16:00:00Z,0.27381331101833933,6.364322277950661,-3.2794075520833035,False
2026-02-07T19:00:00Z,turbine_1,2026-02-08T17:00:00Z,0.32062959312447253,6.703552760123328,-3.475488281249966,False
2026-02-07T19:00:00Z,turbine_1,2026-02-08T18:00:00Z,0.3721541868836731,7.047541425714529,-3.6715690104166283,False
2026-02-07T19:00:00Z,turbine_1,2026-02-08T19:00:00Z,0.4074755730470592,7.283354182433356,-3.952057291666629,False
2026-02-07T19:00:00Z,turbine_2,2026-02-07T20:00:00Z,0.16529978663011588,5.511837792715552,-3.189365234374975,False
2026-02-07T19:00:00Z,turbine_2,2026-02-07T21:00:00Z,0.12006116687240237,4.89392362541507,-3.283330078124986,False
2026-02-07T19:00:00Z,turbine_2,2026-02-07T22:00:00Z,0.08676087372785883,4.386701729665261,-3.5322395833333173,False
2026-02-07T19:00:00Z,turbine_2,2026-02-07T23:00:00Z,0.06979049430986808,4.010637823809884,-3.9360937499999693,False
2026-02-07T19:00:00Z,turbine_2,2026-02-08T00:00:00Z,0.05507729029534782,3.684592964525141,-4.339947916666622,False
2026-02-07T19:00:00Z,turbine_2,2026-02-08T01:00:00Z,0.04170603201865516,3.320213025601773,-4.4101627604166165,False
2026-02-07T19:00:00Z,turbine_2,2026-02-08T02:00:00Z,0.030026343470708674,2.8911086076410584,-4.146738281249952,False
2026-02-07T19:00:00Z,turbine_2,2026-02-08T03:00:00Z,0.01871780160460783,2.466867477406219,-3.8833138020832885,False
2026-02-07T19:00:00Z,turbine_2,2026-02-08T04:00:00Z,0.012796915164056934,1.8217425556995894,-3.1618066406249548,False
2026-02-07T19:00:00Z,turbine_2,2026-02-08T05:00:00Z,0.009955424148851038,1.0673707445565976,-1.982216796874951,False
2026-02-07T19:00:00Z,turbine_2,2026-02-08T06:00:00Z,0.009950293336360955,0.8720867979513504,-0.8026269531249473,False
2026-02-07T19:00:00Z,turbine_2,2026-02-08T07:00:00Z,0.00996352967585872,1.3758753539991364,0.11886718750004849,False
2026-02-07T19:00:00Z,turbine_2,2026-02-08T08:00:00Z,0.01591918096037969,2.161936798170586,0.7822656250000364,False
2026-02-07T19:00:00Z,turbine_2,2026-02-08T09:00:00Z,0.03254360908714815,2.9835913645879204,1.445664062500024,False
2026-02-07T19:00:00Z,turbine_2,2026-02-08T10:00:00Z,0.05401677839824671,3.6610920022657387,1.2524641927083544,False
2026-02-07T19:00:00Z,turbine_2,2026-02-08T11:00:00Z,0.08012606910276811,4.23967434268452,0.20266601562502717,False
2026-02-07T19:00:00Z,turbine_2,2026-02-08T12:00:00Z,0.1209046253500625,4.905454431010463,-0.8471321614583001,False
2026-02-07T19:00:00Z,turbine_2,2026-02-08T13:00:00Z,0.15763196910833077,5.407548928995226,-1.6735872395832985,False
2026-02-07T19:00:00Z,turbine_2,2026-02-08T14:00:00Z,0.18894839986740863,5.716742734889474,-2.276699218749968,False
2026-02-07T19:00:00Z,turbine_2,2026-02-08T15:00:00Z,0.22566457888188038,6.034872447711017,-2.879811197916638,False
2026-02-07T19:00:00Z,turbine_2,2026-02-08T16:00:00Z,0.26368724214110106,6.364322277950661,-3.2794075520833035,False
2026-02-07T19:00:00Z,turbine_2,2026-02-08T17:00:00Z,0.30922515284092134,6.703552760123328,-3.475488281249966,False
2026-02-07T19:00:00Z,turbine_2,2026-02-08T18:00:00Z,0.3590781338301522,7.047541425714529,-3.6715690104166283,False
2026-02-07T19:00:00Z,turbine_2,2026-02-08T19:00:00Z,0.39325358800541466,7.283354182433356,-3.952057291666629,False
2026-02-08T19:00:00Z,turbine_1,2026-02-08T20:00:00Z,0.4088805320700484,7.292733974572756,-5.183203124999977,False
2026-02-08T19:00:00Z,turbine_1,2026-02-08T21:00:00Z,0.40027574756351314,7.235286683402714,-5.592382812499977,False
2026-02-08T19:00:00Z,turbine_1,2026-02-08T22:00:00Z,0.37035541878888856,7.035532484129765,-5.758922526041639,False
2026-02-08T19:00:00Z,turbine_1,2026-02-08T23:00:00Z,0.31944927607346923,6.695672723470411,-5.682822265624964,False
2026-02-08T19:00:00Z,turbine_1,2026-02-09T00:00:00Z,0.2734178805019397,6.3609853516346835,-5.6067220052082885,False
2026-02-08T19:00:00Z,turbine_1,2026-02-09T01:00:00Z,0.23607721111983757,6.045878001165438,-5.236487630208282,False
2026-02-08T19:00:00Z,turbine_1,2026-02-09T02:00:00Z,0.20104113826176984,5.750218489114889,-4.572119140624949,False
2026-02-08T19:00:00Z,turbine_1,2026-02-09T03:00:00Z,0.16908401003910628,5.460295792605337,-3.907750651041615,False
2026-02-08T19:00:00Z,turbine_1,2026-02-09T04:00:00Z,0.14408328773769494,5.131145412724735,-2.6232226562499554,False
2026-02-08T19:00:00Z,turbine_1,2026-02-09T05:00:00Z,0.11764041523844715,4.783008209993981,-0.7185351562499706,False
2026-02-08T19:00:00Z,turbine_1,2026-02-09T06:00:00Z,0.09555762714157577,4.486756067611815,1.1861523437500143,False
2026-02-08T19:00:00Z,turbine_1,2026-02-09T07:00:00Z,0.08387253138498602,4.238392491874694,2.373964843750012,False
2026-02-08T19:00:00Z,turbine_1,2026-02-09T08:00:00Z,0.0735119073083367,4.018180206400389,2.8449023437500216,False
2026-02-08T19:00:00Z,turbine_1,2026-02-09T09:00:00Z,0.06405190210958392,3.817110333581504,3.315839843750031,False
2026-02-08T19:00:00Z,turbine_1,2026-02-09T10:00:00Z,0.04372668866880976,3.3193275696069757,2.9543782552083733,False
2026-02-08T19:00:00Z,turbine_1,2026-02-09T11:00:00Z,0.02165936100286603,2.5217796883436012,1.7605175781250468,False
2026-02-08T19:00:00Z,turbine_1,2026-02-09T12:00:00Z,0.012917089596525103,1.7514149368603005,0.5666569010417202,False
2026-02-08T19:00:00Z,turbine_1,2026-02-09T13:00:00Z,0.010331171284387514,1.2597598687265446,-0.01266927083328066,False
2026-02-08T19:00:00Z,turbine_1,2026-02-09T14:00:00Z,0.010169097123087585,1.0306016536380058,0.022539062500044334,False
2026-02-08T19:00:00Z,turbine_1,2026-02-09T15:00:00Z,0.01001477226760911,0.8124002565639861,0.05774739583336933,False
2026-02-08T19:00:00Z,turbine_1,2026-02-09T16:00:00Z,0.009982893450635386,0.6035120201560189,0.2706608072916955,True
2026-02-08T19:00:00Z,turbine_1,2026-02-09T17:00:00Z,0.009982893450635386,0.44634957209926385,0.6612792968750227,True
2026-02-08T19:00:00Z,turbine_1,2026-02-09T18:00:00Z,0.009982893450635386,0.42644928597138854,1.05189778645835,True
2026-02-08T19:00:00Z,turbine_1,2026-02-09T19:00:00Z,0.009982893450635386,0.3225114079178619,1.1132324218750207,True
2026-02-08T19:00:00Z,turbine_2,2026-02-08T20:00:00Z,0.3946129659326053,7.292733974572756,-5.183203124999977,False
2026-02-08T19:00:00Z,turbine_2,2026-02-08T21:00:00Z,0.3862873465123817,7.235286683402714,-5.592382812499977,False
2026-02-08T19:00:00Z,turbine_2,2026-02-08T22:00:00Z,0.3573377231817457,7.035532484129765,-5.758922526041639,False
2026-02-08T19:00:00Z,turbine_2,2026-02-08T23:00:00Z,0.3080831288245859,6.695672723470411,-5.682822265624964,False
2026-02-08T19:00:00Z,turbine_2,2026-02-09T00:00:00Z,0.26330211878091914,6.3609853516346835,-5.6067220052082885,False
2026-02-08T19:00:00Z,turbine_2,2026-02-09T01:00:00Z,0.22693475848001343,6.045878001165438,-5.236487630208282,False
2026-02-08T19:00:00Z,turbine_2,2026-02-09T02:00:00Z,0.19281192388056578,5.750218489114889,-4.572119140624949,False
2026-02-08T19:00:00Z,turbine_2,2026-02-09T03:00:00Z,0.1614903109140158,5.460295792605337,-3.907750651041615,False
2026-02-08T19:00:00Z,turbine_2,2026-02-09T04:00:00Z,0.1374135301515102,5.131145412724735,-2.6232226562499554,False
2026-02-08T19:00:00Z,turbine_2,2026-02-09T05:00:00Z,0.11194789615023429,4.783008209993981,-0.7185351562499706,False
2026-02-08T19:00:00Z,turbine_2,2026-02-09T06:00:00Z,0.09127595760304962,4.486756067611815,1.1861523437500143,False
2026-02-08T19:00:00Z,turbine_2,2026-02-09T07:00:00Z,0.08006822389544749,4.238392491874694,2.373964843750012,False
2026-02-08T19:00:00Z,turbine_2,2026-02-09T08:00:00Z,0.07013085426540643,4.018180206400389,2.8449023437500216,False
2026-02-08T19:00:00Z,turbine_2,2026-02-09T09:00:00Z,0.06105731123685566,3.817110333581504,3.315839843750031,False
2026-02-08T19:00:00Z,turbine_2,2026-02-09T10:00:00Z,0.04168193100778397,3.3193275696069757,2.9543782552083733,False
2026-02-08T19:00:00Z,turbine_2,2026-02-09T11:00:00Z,0.019973669649161387,2.5217796883436012,1.7605175781250468,False
2026-02-08T19:00:00Z,turbine_2,2026-02-09T12:00:00Z,0.012151455919233127,1.7514149368603005,0.5666569010417202,False
2026-02-08T19:00:00Z,turbine_2,2026-02-09T13:00:00Z,0.00996047890393156,1.2597598687265446,-0.01266927083328066,False
2026-02-08T19:00:00Z,turbine_2,2026-02-09T14:00:00Z,0.009954458092428,1.0306016536380058,0.022539062500044334,False
2026-02-08T19:00:00Z,turbine_2,2026-02-09T15:00:00Z,0.009948725155988918,0.8124002565639861,0.05774739583336933,False
2026-02-08T19:00:00Z,turbine_2,2026-02-09T16:00:00Z,0.009947344322344322,0.6035120201560189,0.2706608072916955,True
2026-02-08T19:00:00Z,turbine_2,2026-02-09T17:00:00Z,0.009947344322344322,0.44634957209926385,0.6612792968750227,True
2026-02-08T19:00:00Z,turbine_2,2026-02-09T18:00:00Z,0.009947344322344322,0.42644928597138854,1.05189778645835,True
2026-02-08T19:00:00Z,turbine_2,2026-02-09T19:00:00Z,0.009947344322344322,0.3225114079178619,1.1132324218750207,True
2026-02-09T19:00:00Z,turbine_1,2026-02-09T20:00:00Z,0.013600962405425784,1.816877842919744,1.0636230468750227,False
2026-02-09T19:00:00Z,turbine_1,2026-02-09T21:00:00Z,0.013484192489591859,1.8057001824961734,0.8017024739583576,False
2026-02-09T19:00:00Z,turbine_1,2026-02-09T22:00:00Z,0.01041423860076018,1.3772095460809064,0.7952376302083621,False
2026-02-09T19:00:00Z,turbine_1,2026-02-09T23:00:00Z,0.010402766964568527,1.3609896893638345,1.0442285156250364,False
2026-02-09T19:00:00Z,turbine_1,2026-02-10T00:00:00Z,0.02033646436253885,2.4616257055968322,1.2932194010417106,False
2026-02-09T19:00:00Z,turbine_1,2026-02-10T01:00:00Z,0.024231757920760235,2.614750153217841,1.2490136718750477,False
2026-02-09T19:00:00Z,turbine_1,2026-02-10T02:00:00Z,0.012336561816973336,1.6958446100347844,0.9116113281250477,False
2026-02-09T19:00:00Z,turbine_1,2026-02-10T03:00:00Z,0.010428168715816574,1.3969054697043743,0.5742089843750477,False
2026-02-09T19:00:00Z,turbine_1,2026-02-10T04:00:00Z,0.01017893958160249,1.044518000372537,0.9874348958333788,False
2026-02-09T19:00:00Z,turbine_1,2026-02-10T05:00:00Z,0.009982893450635386,0.5596680089311064,2.151289062500041,True
2026-02-09T19:00:00Z,turbine_1,2026-02-10T06:00:00Z,0.010101042237844481,0.9343781970099914,3.3151432291667033,False
2026-02-09T19:00:00Z,turbine_1,2026-02-10T07:00:00Z,0.010086588085196278,0.9139413315965733,3.781741536458365,False
2026-02-09T19:00:00Z,turbine_1,2026-02-10T08:00:00Z,0.010010210427366172,0.8059502267800526,3.551083984375026,False
2026-02-09T19:00:00Z,turbine_1,2026-02-10T09:00:00Z,0.012405374592596554,1.7024316306147567,3.320426432291687,False
2026-02-09T19:00:00Z,turbine_1,2026-02-10T10:00:00Z,0.015042052422061428,1.9548244598262832,2.9275748697916884,False
2026-02-09T19:00:00Z,turbine_1,2026-02-10T11:00:00Z,0.010441280812044637,1.4154447886407935,2.3725292968750296,False
2026-02-09T19:00:00Z,turbine_1,2026-02-10T12:00:00Z,0.010238857629845506,1.1292367049262448,1.8174837239583703,False
2026-02-09T19:00:00Z,turbine_1,2026-02-10T13:00:00Z,0.010419337662119768,1.3844191579673297,1.5083430989583726,False
2026-02-09T19:00:00Z,turbine_1,2026-02-10T14:00:00Z,0.015894688487561575,2.036442026619812,1.4451074218750364,False
2026-02-09T19:00:00Z,turbine_1,2026-02-10T15:00:00Z,0.027568689861308435,2.735352114605832,1.3818717447917002,False
2026-02-09T19:00:00Z,turbine_1,2026-02-10T16:00:00Z,0.041967829946501944,3.2557596528816948,1.2355566406250298,False
2026-02-09T19:00:00Z,turbine_1,2026-02-10T17:00:00Z,0.053280046267689285,3.5881574272513186,1.0061621093750261,False
2026-02-09T19:00:00Z,turbine_1,2026-02-10T18:00:00Z,0.06911192612841971,3.924659786732117,0.7767675781250224,False
2026-02-09T19:00:00Z,turbine_1,2026-02-10T19:00:00Z,0.08435175463621734,4.2485782535262455,0.6538216145833549,False
2026-02-09T19:00:00Z,turbine_2,2026-02-09T20:00:00Z,0.012752267358699849,1.816877842919744,1.0636230468750227,False
2026-02-09T19:00:00Z,turbine_2,2026-02-09T21:00:00Z,0.012649680005751333,1.8057001824961734,0.8017024739583576,False
2026-02-09T19:00:00Z,turbine_2,2026-02-09T22:00:00Z,0.009963564729889102,1.3772095460809064,0.7952376302083621,False
2026-02-09T19:00:00Z,turbine_2,2026-02-09T23:00:00Z,0.009963138575845834,1.3609896893638345,1.0442285156250364,False
2026-02-09T19:00:00Z,turbine_2,2026-02-10T00:00:00Z,0.018669693192443937,2.4616257055968322,1.2932194010417106,False
2026-02-09T19:00:00Z,turbine_2,2026-02-10T01:00:00Z,0.02250421006878562,2.614750153217841,1.2490136718750477,False
2026-02-09T19:00:00Z,turbine_2,2026-02-10T02:00:00Z,0.011641437497176561,1.6958446100347844,0.9116113281250477,False
2026-02-09T19:00:00Z,turbine_2,2026-02-10T03:00:00Z,0.009964082212727236,1.3969054697043743,0.5742089843750477,False
2026-02-09T19:00:00Z,turbine_2,2026-02-10T04:00:00Z,0.009954823724969145,1.044518000372537,0.9874348958333788,False
2026-02-09T19:00:00Z,turbine_2,2026-02-10T05:00:00Z,0.009947344322344322,0.5596680089311064,2.151289062500041,True
2026-02-09T19:00:00Z,turbine_2,2026-02-10T06:00:00Z,0.009951929955724045,0.9343781970099914,3.3151432291667033,False
2026-02-09T19:00:00Z,turbine_2,2026-02-10T07:00:00Z,0.009951393005676977,0.9139413315965733,3.781741536458365,False
2026-02-09T19:00:00Z,turbine_2,2026-02-10T08:00:00Z,0.009948555690480095,0.8059502267800526,3.551083984375026,False
2026-02-09T19:00:00Z,turbine_2,2026-02-10T09:00:00Z,0.011701892456399673,1.7024316306147567,3.320426432291687,False
2026-02-09T19:00:00Z,turbine_2,2026-02-10T10:00:00Z,0.014018326421185147,1.9548244598262832,2.9275748697916884,False
2026-02-09T19:00:00Z,turbine_2,2026-02-10T11:00:00Z,0.009964569307395334,1.4154447886407935,2.3725292968750296,False
2026-02-09T19:00:00Z,turbine_2,2026-02-10T12:00:00Z,0.009957049590407774,1.1292367049262448,1.8174837239583703,False
2026-02-09T19:00:00Z,turbine_2,2026-02-10T13:00:00Z,0.009963754152354997,1.3844191579673297,1.5083430989583726,False
2026-02-09T19:00:00Z,turbine_2,2026-02-10T14:00:00Z,0.014767403581714252,2.036442026619812,1.4451074218750364,False
2026-02-09T19:00:00Z,turbine_2,2026-02-10T15:00:00Z,0.02578684545617556,2.735352114605832,1.3818717447917002,False
2026-02-09T19:00:00Z,turbine_2,2026-02-10T16:00:00Z,0.03995169137864771,3.2557596528816948,1.2355566406250298,False
2026-02-09T19:00:00Z,turbine_2,2026-02-10T17:00:00Z,0.050725509570228394,3.5881574272513186,1.0061621093750261,False
2026-02-09T19:00:00Z,turbine_2,2026-02-10T18:00:00Z,0.06591062206447128,3.924659786732117,0.7767675781250224,False
2026-02-09T19:00:00Z,turbine_2,2026-02-10T19:00:00Z,0.08052786981518786,4.2485782535262455,0.6538216145833549,False
2026-02-10T19:00:00Z,turbine_1,2026-02-10T20:00:00Z,0.12886395758644809,4.930773269855551,0.46152343750003416,False
2026-02-10T19:00:00Z,turbine_1,2026-02-10T21:00:00Z,0.11212036477605403,4.710333241457003,0.09641927083337504,False
2026-02-10T19:00:00Z,turbine_1,2026-02-10T22:00:00Z,0.048373729218937025,3.4838749745173807,0.09439778645837768,False
2026-02-10T19:00:00Z,turbine_1,2026-02-10T23:00:00Z,0.013025150676308678,1.7617589543771333,0.45545898437504206,False
2026-02-10T19:00:00Z,turbine_1,2026-02-11T00:00:00Z,0.016088691854469303,2.0550127667015996,0.8165201822917065,False
2026-02-10T19:00:00Z,turbine_1,2026-02-11T01:00:00Z,0.01979711202021096,2.409996848213969,1.2216601562500387,False
2026-02-10T19:00:00Z,turbine_1,2026-02-11T02:00:00Z,0.018094696437370765,2.247035154280345,1.6708789062500387,False
2026-02-10T19:00:00Z,turbine_1,2026-02-11T03:00:00Z,0.04787142963295407,3.469125017869837,2.1200976562500387,False
2026-02-10T19:00:00Z,turbine_1,2026-02-11T04:00:00Z,0.09186860058390467,4.4083467977232305,2.898255208333372,False
2026-02-10T19:00:00Z,turbine_1,2026-02-11T05:00:00Z,0.10482478220025634,4.614282265516258,4.005351562500039,False
2026-02-10T19:00:00Z,turbine_1,2026-02-11T06:00:00Z,0.12470042149760131,4.875957674179215,5.112447916666706,False
2026-02-10T19:00:00Z,turbine_1,2026-02-11T07:00:00Z,0.045311012572231385,3.3765875238495955,5.779127604166709,False
2026-02-10T19:00:00Z,turbine_1,2026-02-11T08:00:00Z,0.011798623330078428,1.644351092270906,6.005390625000047,False
2026-02-10T19:00:00Z,turbine_1,2026-02-11T09:00:00Z,0.04037637316041314,3.1982419050564252,6.231653645833385,False
2026-02-10T19:00:00Z,turbine_1,2026-02-11T10:00:00Z,0.12853170512980072,4.926398955345623,5.515091145833386,False
2026-02-10T19:00:00Z,turbine_1,2026-02-11T11:00:00Z,0.15861569011119933,5.322473715329284,3.8557031250000477,False
2026-02-10T19:00:00Z,turbine_1,2026-02-11T12:00:00Z,0.24329742175196017,6.106807317103425,2.19631510416671,False
2026-02-10T19:00:00Z,turbine_1,2026-02-11T13:00:00Z,0.28362991345059,6.447161810134279,1.2967252604167072,False
2026-02-10T19:00:00Z,turbine_1,2026-02-11T14:00:00Z,0.2525547836233616,6.184927576324876,1.1569335937500398,False
2026-02-10T19:00:00Z,turbine_1,2026-02-11T15:00:00Z,0.22244239211585348,5.930817618971741,1.0171419270833724,False
2026-02-10T19:00:00Z,turbine_1,2026-02-11T16:00:00Z,0.17236770767178508,5.503527756473367,0.8484993489583701,False
2026-02-10T19:00:00Z,turbine_1,2026-02-11T17:00:00Z,0.12683467354131017,4.904056457185499,0.651005859375033,False
2026-02-10T19:00:00Z,turbine_1,2026-02-11T18:00:00Z,0.0875976132032359,4.317568106654926,0.45351236979169585,False
2026-02-10T19:00:00Z,turbine_1,2026-02-11T19:00:00Z,0.0785840007302191,4.125986191475096,0.1831803385416985,False
2026-02-10T19:00:00Z,turbine_2,2026-02-10T20:00:00Z,0.12275665460263549,4.930773269855551,0.46152343750003416,False
2026-02-10T19:00:00Z,turbine_2,2026-02-10T21:00:00Z,0.10663184795055869,4.710333241457003,0.09641927083337504,False
2026-02-10T19:00:00Z,turbine_2,2026-02-10T22:00:00Z,0.0461607067096513,3.4838749745173807,0.09439778645837768,False
2026-02-10T19:00:00Z,turbine_2,2026-02-10T23:00:00Z,0.012246392188156385,1.7617589543771333,0.45545898437504206,False
2026-02-10T19:00:00Z,turbine_2,2026-02-11T00:00:00Z,0.014937843816530124,2.0550127667015996,0.8165201822917065,False
2026-02-10T19:00:00Z,turbine_2,2026-02-11T01:00:00Z,0.0181958491487033,2.409996848213969,1.2216601562500387,False
2026-02-10T19:00:00Z,turbine_2,2026-02-11T02:00:00Z,0.016700204427075916,2.247035154280345,1.6708789062500387,False
2026-02-10T19:00:00Z,turbine_2,2026-02-11T03:00:00Z,0.04575923123531863,3.469125017869837,2.1200976562500387,False
2026-02-10T19:00:00Z,turbine_2,2026-02-11T04:00:00Z,0.08773763595298242,4.4083467977232305,2.898255208333372,False
2026-02-10T19:00:00Z,turbine_2,2026-02-11T05:00:00Z,0.09960588525658003,4.614282265516258,4.005351562500039,False
2026-02-10T19:00:00Z,turbine_2,2026-02-11T06:00:00Z,0.11874698862581352,4.875957674179215,5.112447916666706,False
2026-02-10T19:00:00Z,turbine_2,2026-02-11T07:00:00Z,0.04324047574382231,3.3765875238495955,5.779127604166709,False
2026-02-10T19:00:00Z,turbine_2,2026-02-11T08:00:00Z,0.011168835585754728,1.644351092270906,6.005390625000047,False
2026-02-10T19:00:00Z,turbine_2,2026-02-11T09:00:00Z,0.038386129821926615,3.1982419050564252,6.231653645833385,False
2026-02-10T19:00:00Z,turbine_2,2026-02-11T10:00:00Z,0.12243668106506894,4.926398955345623,5.515091145833386,False
2026-02-10T19:00:00Z,turbine_2,2026-02-11T11:00:00Z,0.15140886443349727,5.322473715329284,3.8557031250000477,False
2026-02-10T19:00:00Z,turbine_2,2026-02-11T12:00:00Z,0.23396676957815116,6.106807317103425,2.19631510416671,False
2026-02-10T19:00:00Z,turbine_2,2026-02-11T13:00:00Z,0.2732479683812023,6.447161810134279,1.2967252604167072,False
2026-02-10T19:00:00Z,turbine_2,2026-02-11T14:00:00Z,0.24298283223005662,6.184927576324876,1.1569335937500398,False
2026-02-10T19:00:00Z,turbine_2,2026-02-11T15:00:00Z,0.21365533999178465,5.930817618971741,1.0171419270833724,False
2026-02-10T19:00:00Z,turbine_2,2026-02-11T16:00:00Z,0.16465265426710773,5.503527756473367,0.8484993489583701,False
2026-02-10T19:00:00Z,turbine_2,2026-02-11T17:00:00Z,0.12080236598366717,4.904056457185499,0.651005859375033,False
2026-02-10T19:00:00Z,turbine_2,2026-02-11T18:00:00Z,0.0836411278688215,4.317568106654926,0.45351236979169585,False
2026-02-10T19:00:00Z,turbine_2,2026-02-11T19:00:00Z,0.07499574143421545,4.125986191475096,0.1831803385416985,False
2026-02-11T19:00:00Z,turbine_1,2026-02-11T20:00:00Z,0.06330673161128607,3.8012719345348644,-0.8201074218749511,False
2026-02-11T19:00:00Z,turbine_1,2026-02-11T21:00:00Z,0.0761305680582179,4.073839138173898,-1.004449869791614,False
2026-02-11T19:00:00Z,turbine_1,2026-02-11T22:00:00Z,0.06994546069525684,3.9423763403515784,-1.0902929687499543,False
2026-02-11T19:00:00Z,turbine_1,2026-02-11T23:00:00Z,0.04620115046136846,3.4087585052325906,-1.0776367187499716,False
2026-02-11T19:00:00Z,turbine_1,2026-02-12T00:00:00Z,0.03160183792707739,2.8811164202512183,-1.0649804687499889,False
2026-02-11T19:00:00Z,turbine_1,2026-02-12T01:00:00Z,0.019438732093262967,2.3756913586754984,-1.0201302083333228,False
2026-02-11T19:00:00Z,turbine_1,2026-02-12T02:00:00Z,0.01470203307356287,1.922276514682895,-0.9430859374999727,False
2026-02-11T19:00:00Z,turbine_1,2026-02-12T03:00:00Z,0.010981869561511759,1.5661683154014407,-0.8660416666666226,False
2026-02-11T19:00:00Z,turbine_1,2026-02-12T04:00:00Z,0.01013681916131125,0.984963533113212,-0.5501627604166213,False
2026-02-11T19:00:00Z,turbine_1,2026-02-12T05:00:00Z,0.010215824214546103,1.0966695375562647,0.004550781250031777,False
2026-02-11T19:00:00Z,turbine_1,2026-02-12T06:00:00Z,0.01905839705579167,2.3392842424617077,0.5592643229166848,False
2026-02-11T19:00:00Z,turbine_1,2026-02-12T07:00:00Z,0.03395263570827867,2.966077944277038,0.8605501302083478,False
2026-02-11T19:00:00Z,turbine_1,2026-02-12T08:00:00Z,0.03153949909387088,2.8788633969084323,0.9084082031250205,False
2026-02-11T19:00:00Z,turbine_1,2026-02-12T09:00:00Z,0.031994688159400334,2.8953146446663354,0.9562662760416931,False
2026-02-11T19:00:00Z,turbine_1,2026-02-12T10:00:00Z,0.02286282621788101,2.565274811402414,0.7494628906250304,False
2026-02-11T19:00:00Z,turbine_1,2026-02-12T11:00:00Z,0.016835918159444536,2.126540110340792,0.2879980468750319,False
2026-02-11T19:00:00Z,turbine_1,2026-02-12T12:00:00Z,0.018855669524641922,2.319878392200382,-0.17346679687496663,False
2026-02-11T19:00:00Z,turbine_1,2026-02-12T13:00:00Z,0.017991342414383767,2.2371417141411767,-0.5515397135416341,False
2026-02-11T19:00:00Z,turbine_1,2026-02-12T14:00:00Z,0.01078682040139942,1.5474974680169211,-0.8462207031249704,False
2026-02-11T19:00:00Z,turbine_1,2026-02-12T15:00:00Z,0.010088161554215208,0.9161660745721545,-1.1409016927083069,False
2026-02-11T19:00:00Z,turbine_1,2026-02-12T16:00:00Z,0.009982893450635386,0.5379970184215763,-1.3737182617187216,True
2026-02-11T19:00:00Z,turbine_1,2026-02-12T17:00:00Z,0.009982893450635386,0.4735208347930352,-1.5446704101562148,True
2026-02-11T19:00:00Z,turbine_1,2026-02-12T18:00:00Z,0.009982893450635386,0.6061366089292195,-1.715622558593708,True
2026-02-11T19:00:00Z,turbine_1,2026-02-12T19:00:00Z,0.009982893450635386,0.7434955122218095,-1.785222167968707,True
2026-02-11T19:00:00Z,turbine_2,2026-02-11T20:00:00Z,0.06034258260427483,3.8012719345348644,-0.8201074218749511,False
2026-02-11T19:00:00Z,turbine_2,2026-02-11T21:00:00Z,0.07264253692223589,4.073839138173898,-1.004449869791614,False
2026-02-11T19:00:00Z,turbine_2,2026-02-11T22:00:00Z,0.06671010489762853,3.9423763403515784,-1.0902929687499543,False
2026-02-11T19:00:00Z,turbine_2,2026-02-11T23:00:00Z,0.0441161298436353,3.4087585052325906,-1.0776367187499716,False
2026-02-11T19:00:00Z,turbine_2,2026-02-12T00:00:00Z,0.029754368557980707,2.8811164202512183,-1.0649804687499889,False
2026-02-11T19:00:00Z,turbine_2,2026-02-12T01:00:00Z,0.017880997092906952,2.3756913586754984,-1.0201302083333228,False
2026-02-11T19:00:00Z,turbine_2,2026-02-12T02:00:00Z,0.01371960491689498,1.922276514682895,-0.9430859374999727,False
2026-02-11T19:00:00Z,turbine_2,2026-02-12T03:00:00Z,0.010451282553969139,1.5661683154014407,-0.8660416666666226,False
2026-02-11T19:00:00Z,turbine_2,2026-02-12T04:00:00Z,0.009953259014660047,0.984963533113212,-0.5501627604166213,False
2026-02-11T19:00:00Z,turbine_2,2026-02-12T05:00:00Z,0.009956193933647384,1.0966695375562647,0.004550781250031777,False
2026-02-11T19:00:00Z,turbine_2,2026-02-12T06:00:00Z,0.0175468565358199,2.3392842424617077,0.5592643229166848,False
2026-02-11T19:00:00Z,turbine_2,2026-02-12T07:00:00Z,0.03206691556902383,2.966077944277038,0.8605501302083478,False
2026-02-11T19:00:00Z,turbine_2,2026-02-12T08:00:00Z,0.029693044064842064,2.8788633969084323,0.9084082031250205,False
2026-02-11T19:00:00Z,turbine_2,2026-02-12T09:00:00Z,0.030140826567176968,2.8953146446663354,0.9562662760416931,False
2026-02-11T19:00:00Z,turbine_2,2026-02-12T10:00:00Z,0.021157552800716472,2.565274811402414,0.7494628906250304,False
2026-02-11T19:00:00Z,turbine_2,2026-02-12T11:00:00Z,0.015594314005220971,2.126540110340792,0.2879980468750319,False
2026-02-11T19:00:00Z,turbine_2,2026-02-12T12:00:00Z,0.01736875175050842,2.319878392200382,-0.17346679687496663,False
2026-02-11T19:00:00Z,turbine_2,2026-02-12T13:00:00Z,0.016609403508370993,2.2371417141411767,-0.5515397135416341,False
2026-02-11T19:00:00Z,turbine_2,2026-02-12T14:00:00Z,0.010279923545205145,1.5474974680169211,-0.8462207031249704,False
2026-02-11T19:00:00Z,turbine_2,2026-02-12T15:00:00Z,0.009951451457686191,0.9161660745721545,-1.1409016927083069,False
2026-02-11T19:00:00Z,turbine_2,2026-02-12T16:00:00Z,0.009947344322344322,0.5379970184215763,-1.3737182617187216,True
2026-02-11T19:00:00Z,turbine_2,2026-02-12T17:00:00Z,0.009947344322344322,0.4735208347930352,-1.5446704101562148,True
2026-02-11T19:00:00Z,turbine_2,2026-02-12T18:00:00Z,0.009947344322344322,0.6061366089292195,-1.715622558593708,True
2026-02-11T19:00:00Z,turbine_2,2026-02-12T19:00:00Z,0.009947344322344322,0.7434955122218095,-1.785222167968707,True
2026-02-12T19:00:00Z,turbine_1,2026-02-12T20:00:00Z,0.010485639514545075,1.478163984637946,-1.513867187499983,False
2026-02-12T19:00:00Z,turbine_1,2026-02-12T21:00:00Z,0.01389788435683485,1.8453003413128646,-1.4042187499999748,False
2026-02-12T19:00:00Z,turbine_1,2026-02-12T22:00:00Z,0.01455013326410598,1.9077360872415576,-1.3543815104166392,False
2026-02-12T19:00:00Z,turbine_1,2026-02-12T23:00:00Z,0.012232175132055796,1.6858523195683768,-1.3643554687499773,False
2026-02-12T19:00:00Z,turbine_1,2026-02-13T00:00:00Z,0.010875332467649898,1.5559701796128047,-1.3743294270833153,False
2026-02-12T19:00:00Z,turbine_1,2026-02-13T01:00:00Z,0.010279039929213309,1.186050844375896,-1.3606542968749786,False
2026-02-12T19:00:00Z,turbine_1,2026-02-13T02:00:00Z,0.009982893450635386,0.6458023096736762,-1.3233300781249682,True
2026-02-12T19:00:00Z,turbine_1,2026-02-13T03:00:00Z,0.009982893450635386,0.6325334675714707,-1.2860058593749577,True
2026-02-12T19:00:00Z,turbine_1,2026-02-13T04:00:00Z,0.009982893450635386,0.5964091598306462,-1.1613834635416254,True
2026-02-12T19:00:00Z,turbine_1,2026-02-13T05:00:00Z,0.009982893450635386,0.3204336826736791,-0.9494628906249716,True
2026-02-12T19:00:00Z,turbine_1,2026-02-13T06:00:00Z,0.009982893450635386,0.49677295426116963,-0.7375423177083178,True
2026-02-12T19:00:00Z,turbine_1,2026-02-13T07:00:00Z,0.009982893450635386,0.60062008188782,-0.5531217447916579,True
2026-02-12T19:00:00Z,turbine_1,2026-02-13T08:00:00Z,0.009982893450635386,0.3999428811360086,-0.39620117187499204,True
2026-02-12T19:00:00Z,turbine_1,2026-02-13T09:00:00Z,0.009982893450635386,0.3259483667559149,-0.23928059895832612,True
2026-02-12T19:00:00Z,turbine_1,2026-02-13T10:00:00Z,0.009982893450635386,0.6498305142158313,-0.19617838541665833,True
2026-02-12T19:00:00Z,turbine_1,2026-02-13T11:00:00Z,0.010345405005579265,1.2798850639841248,-0.26689453124998863,False
2026-02-12T19:00:00Z,turbine_1,2026-02-13T12:00:00Z,0.014595605025855211,1.912088817206845,-0.33761067708331893,False
2026-02-12T19:00:00Z,turbine_1,2026-02-13T13:00:00Z,0.01726114878041912,2.167244802546943,-0.4758235677083178,False
2026-02-12T19:00:00Z,turbine_1,2026-02-13T14:00:00Z,0.016331260234479464,2.0782323345319424,-0.6815332031249852,False
2026-02-12T19:00:00Z,turbine_1,2026-02-13T15:00:00Z,0.016122314990248056,2.058231301128267,-0.8872428385416526,False
2026-02-12T19:00:00Z,turbine_1,2026-02-13T16:00:00Z,0.016899002164112765,2.132578751178243,-1.0736979166666551,False
2026-02-12T19:00:00Z,turbine_1,2026-02-13T17:00:00Z,0.01829416763975502,2.266129296368309,-1.2408984374999932,False
2026-02-12T19:00:00Z,turbine_1,2026-02-13T18:00:00Z,0.01970289307571994,2.400977852529449,-1.4080989583333312,False
2026-02-12T19:00:00Z,turbine_1,2026-02-13T19:00:00Z,0.022232542477434267,2.542495367085564,-1.5442513020833246,False
2026-02-12T19:00:00Z,turbine_2,2026-02-12T20:00:00Z,0.009966217166524485,1.478163984637946,-1.513867187499983,False
2026-02-12T19:00:00Z,turbine_2,2026-02-12T21:00:00Z,0.013013125960933378,1.8453003413128646,-1.4042187499999748,False
2026-02-12T19:00:00Z,turbine_2,2026-02-12T22:00:00Z,0.01358615445361187,1.9077360872415576,-1.3543815104166392,False
2026-02-12T19:00:00Z,turbine_2,2026-02-12T23:00:00Z,0.011549729340908026,1.6858523195683768,-1.3643554687499773,False
2026-02-12T19:00:00Z,turbine_2,2026-02-13T00:00:00Z,0.010357685171697661,1.5559701796128047,-1.3743294270833153,False
2026-02-12T19:00:00Z,turbine_2,2026-02-13T01:00:00Z,0.009958542302437458,1.186050844375896,-1.3606542968749786,False
2026-02-12T19:00:00Z,turbine_2,2026-02-13T02:00:00Z,0.009947344322344322,0.6458023096736762,-1.3233300781249682,True
2026-02-12T19:00:00Z,turbine_2,2026-02-13T03:00:00Z,0.009947344322344322,0.6325334675714707,-1.2860058593749577,True
2026-02-12T19:00:00Z,turbine_2,2026-02-13T04:00:00Z,0.009947344322344322,0.5964091598306462,-1.1613834635416254,True
2026-02-12T19:00:00Z,turbine_2,2026-02-13T05:00:00Z,0.009947344322344322,0.3204336826736791,-0.9494628906249716,True
2026-02-12T19:00:00Z,turbine_2,2026-02-13T06:00:00Z,0.009947344322344322,0.49677295426116963,-0.7375423177083178,True
2026-02-12T19:00:00Z,turbine_2,2026-02-13T07:00:00Z,0.009947344322344322,0.60062008188782,-0.5531217447916579,True
2026-02-12T19:00:00Z,turbine_2,2026-02-13T08:00:00Z,0.009947344322344322,0.3999428811360086,-0.39620117187499204,True
2026-02-12T19:00:00Z,turbine_2,2026-02-13T09:00:00Z,0.009947344322344322,0.3259483667559149,-0.23928059895832612,True
2026-02-12T19:00:00Z,turbine_2,2026-02-13T10:00:00Z,0.009947344322344322,0.6498305142158313,-0.19617838541665833,True
2026-02-12T19:00:00Z,turbine_2,2026-02-13T11:00:00Z,0.009961007665281317,1.2798850639841248,-0.26689453124998863,False
2026-02-12T19:00:00Z,turbine_2,2026-02-13T12:00:00Z,0.013626103336322326,1.912088817206845,-0.33761067708331893,False
2026-02-12T19:00:00Z,turbine_2,2026-02-13T13:00:00Z,0.015967897247847265,2.167244802546943,-0.4758235677083178,False
2026-02-12T19:00:00Z,turbine_2,2026-02-13T14:00:00Z,0.01515095048734116,2.0782323345319424,-0.6815332031249852,False
2026-02-12T19:00:00Z,turbine_2,2026-02-13T15:00:00Z,0.014967383175814041,2.058231301128267,-0.8872428385416526,False
2026-02-12T19:00:00Z,turbine_2,2026-02-13T16:00:00Z,0.015649735994747022,2.132578751178243,-1.0736979166666551,False
2026-02-12T19:00:00Z,turbine_2,2026-02-13T17:00:00Z,0.01687544838863843,2.266129296368309,-1.2408984374999932,False
2026-02-12T19:00:00Z,turbine_2,2026-02-13T18:00:00Z,0.018113073786197392,2.400977852529449,-1.4080989583333312,False
2026-02-12T19:00:00Z,turbine_2,2026-02-13T19:00:00Z,0.020537524658893754,2.542495367085564,-1.5442513020833246,False
2026-02-13T19:00:00Z,turbine_1,2026-02-13T20:00:00Z,0.028619842119837334,2.7733424081912554,-1.3305664062499716,False
2026-02-13T19:00:00Z,turbine_1,2026-02-13T21:00:00Z,0.027289065471400385,2.725246049970516,-1.7960481770833117,False
2026-02-13T19:00:00Z,turbine_1,2026-02-13T22:00:00Z,0.0237781884225819,2.598357439167734,-2.0484863281249845,False
2026-02-13T19:00:00Z,turbine_1,2026-02-13T23:00:00Z,0.019729853151519764,2.4035585735150904,-2.087880859374991,False
2026-02-13T19:00:00Z,turbine_1,2026-02-14T00:00:00Z,0.017969781575965616,2.235077828691192,-2.1272753906249973,False
2026-02-13T19:00:00Z,turbine_1,2026-02-14T01:00:00Z,0.017981483223019464,2.236197954848947,-1.8850358072916624,False
2026-02-13T19:00:00Z,turbine_1,2026-02-14T02:00:00Z,0.019632512123157687,2.394240720089042,-1.3611621093749875,False
2026-02-13T19:00:00Z,turbine_1,2026-02-14T03:00:00Z,0.022602386801076037,2.5558621218273716,-0.8372884114583125,False
2026-02-13T19:00:00Z,turbine_1,2026-02-14T04:00:00Z,0.01948491771227888,2.380112421773176,-0.20530924479164508,False
2026-02-13T19:00:00Z,turbine_1,2026-02-14T05:00:00Z,0.015176861965539756,1.9677289420132915,0.5347753906250148,False
2026-02-13T19:00:00Z,turbine_1,2026-02-14T06:00:00Z,0.013571783614653265,1.8140847380990683,1.2748600260416745,False
2026-02-13T19:00:00Z,turbine_1,2026-02-14T07:00:00Z,0.010588018532521417,1.5284673970776734,1.7559863281250045,False
2026-02-13T19:00:00Z,turbine_1,2026-02-14T08:00:00Z,0.010118894816171493,0.9596201291682945,1.9781542968750045,False
2026-02-13T19:00:00Z,turbine_1,2026-02-14T09:00:00Z,0.009982893450635386,0.4508992661888348,2.2003222656250045,True
2026-02-13T19:00:00Z,turbine_1,2026-02-14T10:00:00Z,0.009982893450635386,0.34880998454254153,1.9482747395833446,True
2026-02-13T19:00:00Z,turbine_1,2026-02-14T11:00:00Z,0.009982893450635386,0.6021999989103373,1.222011718750025,True
2026-02-13T19:00:00Z,turbine_1,2026-02-14T12:00:00Z,0.010048638492102139,0.8602840370158792,0.4957486979167053,False
2026-02-13T19:00:00Z,turbine_1,2026-02-14T13:00:00Z,0.010049302632074715,0.8612230709091522,-0.03989908854162158,False
2026-02-13T19:00:00Z,turbine_1,2026-02-14T14:00:00Z,0.01000857694499605,0.8036406303501625,-0.38493164062495566,False
2026-02-13T19:00:00Z,turbine_1,2026-02-14T15:00:00Z,0.010205617732323074,1.0822384942005365,-0.7299641927082898,False
2026-02-13T19:00:00Z,turbine_1,2026-02-14T16:00:00Z,0.01013065140505671,0.9762428832387617,-0.8015852864582957,False
2026-02-13T19:00:00Z,turbine_1,2026-02-14T17:00:00Z,0.009982893450635386,0.49510476751596494,-0.5997949218749739,True
2026-02-13T19:00:00Z,turbine_1,2026-02-14T18:00:00Z,0.009982893450635386,0.5726750488345271,-0.39800455729165185,True
2026-02-13T19:00:00Z,turbine_1,2026-02-14T19:00:00Z,0.010055838269911204,0.8704638720896882,-0.21521809895832195,False
2026-02-13T19:00:00Z,turbine_2,2026-02-13T20:00:00Z,0.026820893996229077,2.7733424081912554,-1.3305664062499716,False
2026-02-13T19:00:00Z,turbine_2,2026-02-13T21:00:00Z,0.025511770946463296,2.725246049970516,-1.7960481770833117,False
2026-02-13T19:00:00Z,turbine_2,2026-02-13T22:00:00Z,0.022058020781174227,2.598357439167734,-2.0484863281249845,False
2026-02-13T19:00:00Z,turbine_2,2026-02-13T23:00:00Z,0.018136759363016078,2.4035585735150904,-2.087880859374991,False
2026-02-13T19:00:00Z,turbine_2,2026-02-14T00:00:00Z,0.016590461391945952,2.235077828691192,-2.1272753906249973,False
2026-02-13T19:00:00Z,turbine_2,2026-02-14T01:00:00Z,0.016600741788123503,2.236197954848947,-1.8850358072916624,False
2026-02-13T19:00:00Z,turbine_2,2026-02-14T02:00:00Z,0.01805124111662841,2.394240720089042,-1.3611621093749875,False
2026-02-13T19:00:00Z,turbine_2,2026-02-14T03:00:00Z,0.020901351097742944,2.5558621218273716,-0.8372884114583125,False
2026-02-13T19:00:00Z,turbine_2,2026-02-14T04:00:00Z,0.017921573129682296,2.380112421773176,-0.20530924479164508,False
2026-02-13T19:00:00Z,turbine_2,2026-02-14T05:00:00Z,0.014136762356664528,1.9677289420132915,0.5347753906250148,False
2026-02-13T19:00:00Z,turbine_2,2026-02-14T06:00:00Z,0.012726632546118083,1.8140847380990683,1.2748600260416745,False
2026-02-13T19:00:00Z,turbine_2,2026-02-14T07:00:00Z,0.01010526762168441,1.5284673970776734,1.7559863281250045,False
2026-02-13T19:00:00Z,turbine_2,2026-02-14T08:00:00Z,0.00995259315217743,0.9596201291682945,1.9781542968750045,False
2026-02-13T19:00:00Z,turbine_2,2026-02-14T09:00:00Z,0.009947344322344322,0.4508992661888348,2.2003222656250045,True
2026-02-13T19:00:00Z,turbine_2,2026-02-14T10:00:00Z,0.009947344322344322,0.34880998454254153,1.9482747395833446,True
2026-02-13T19:00:00Z,turbine_2,2026-02-14T11:00:00Z,0.009947344322344322,0.6021999989103373,1.222011718750025,True
2026-02-13T19:00:00Z,turbine_2,2026-02-14T12:00:00Z,0.009949983235329724,0.8602840370158792,0.4957486979167053,False
2026-02-13T19:00:00Z,turbine_2,2026-02-14T13:00:00Z,0.009950007907131537,0.8612230709091522,-0.03989908854162158,False
2026-02-13T19:00:00Z,turbine_2,2026-02-14T14:00:00Z,0.009948495009065078,0.8036406303501625,-0.38493164062495566,False
2026-02-13T19:00:00Z,turbine_2,2026-02-14T15:00:00Z,0.009955814778172591,1.0822384942005365,-0.7299641927082898,False
2026-02-13T19:00:00Z,turbine_2,2026-02-14T16:00:00Z,0.009953029891784995,0.9762428832387617,-0.8015852864582957,False
2026-02-13T19:00:00Z,turbine_2,2026-02-14T17:00:00Z,0.009947344322344322,0.49510476751596494,-0.5997949218749739,True
2026-02-13T19:00:00Z,turbine_2,2026-02-14T18:00:00Z,0.009947344322344322,0.5726750488345271,-0.39800455729165185,True
2026-02-13T19:00:00Z,turbine_2,2026-02-14T19:00:00Z,0.009950250696254452,0.8704638720896882,-0.21521809895832195,False
2026-02-14T19:00:00Z,turbine_1,2026-02-14T20:00:00Z,0.009982893450635386,0.6917579951922876,0.07789062500003752,True
2026-02-14T19:00:00Z,turbine_1,2026-02-14T21:00:00Z,0.009982893450635386,0.6099665120486204,0.0759895833333625,True
2026-02-14T19:00:00Z,turbine_1,2026-02-14T22:00:00Z,0.010020401168110047,0.8203590131070388,0.11637695312502197,False
2026-02-14T19:00:00Z,turbine_1,2026-02-14T23:00:00Z,0.010422908659816802,1.3894682259481488,0.19905273437501592,False
2026-02-14T19:00:00Z,turbine_1,2026-02-15T00:00:00Z,0.01592690905332021,2.0395263017101324,0.28172851562500983,False
2026-02-14T19:00:00Z,turbine_1,2026-02-15T01:00:00Z,0.019183643086573273,2.3512732688430225,0.3240494791666796,False
2026-02-14T19:00:00Z,turbine_1,2026-02-15T02:00:00Z,0.018759087560726247,2.3106331993098914,0.326015625000025,False
2026-02-14T19:00:00Z,turbine_1,2026-02-15T03:00:00Z,0.018337656751036026,2.270292239490691,0.32798177083337043,False
2026-02-14T19:00:00Z,turbine_1,2026-02-15T04:00:00Z,0.019954005323381468,2.425015271863999,0.9047102864583773,False
2026-02-14T19:00:00Z,turbine_1,2026-02-15T05:00:00Z,0.029030645403200245,2.7881894840684023,2.0562011718750455,False
2026-02-14T19:00:00Z,turbine_1,2026-02-15T06:00:00Z,0.039703187909530625,3.1739119327703973,3.2076920572917134,False
2026-02-14T19:00:00Z,turbine_1,2026-02-15T07:00:00Z,0.04850786548867261,3.486726004948071,3.783678385416711,False
2026-02-14T19:00:00Z,turbine_1,2026-02-15T08:00:00Z,0.05959838492646245,3.7224520205263474,3.7841601562500387,False
2026-02-14T19:00:00Z,turbine_1,2026-02-15T09:00:00Z,0.07110313413493226,3.9669823787617924,3.784641927083366,False
2026-02-14T19:00:00Z,turbine_1,2026-02-15T10:00:00Z,0.07795925760464494,4.112707443930621,3.3863216145833617,False
2026-02-14T19:00:00Z,turbine_1,2026-02-15T11:00:00Z,0.08008807770838804,4.157954944171989,2.589199218750025,False
2026-02-14T19:00:00Z,turbine_1,2026-02-15T12:00:00Z,0.08243006154006463,4.207733182268642,1.7920768229166888,False
2026-02-14T19:00:00Z,turbine_1,2026-02-15T13:00:00Z,0.08107306236698045,4.178890528864674,1.2680338541666933,False
2026-02-14T19:00:00Z,turbine_1,2026-02-15T14:00:00Z,0.07606465935190856,4.072438266301542,1.0170703125000387,False
2026-02-14T19:00:00Z,turbine_1,2026-02-15T15:00:00Z,0.0713729453391552,3.97271714352972,0.7661067708333842,False
2026-02-14T19:00:00Z,turbine_1,2026-02-15T16:00:00Z,0.06887183093962403,3.9195566279006675,0.7005013020833815,False
2026-02-14T19:00:00Z,turbine_1,2026-02-15T17:00:00Z,0.06843744291427609,3.910323826948056,0.8202539062500307,False
2026-02-14T19:00:00Z,turbine_1,2026-02-15T18:00:00Z,0.06808427783783487,3.9028173979861065,0.9400065104166799,False
2026-02-14T19:00:00Z,turbine_1,2026-02-15T19:00:00Z,0.06586448283757913,3.855636250723707,1.1378906250000114,False
2026-02-14T19:00:00Z,turbine_2,2026-02-14T20:00:00Z,0.009947344322344322,0.6917579951922876,0.07789062500003752,True
2026-02-14T19:00:00Z,turbine_2,2026-02-14T21:00:00Z,0.009947344322344322,0.6099665120486204,0.0759895833333625,True
2026-02-14T19:00:00Z,turbine_2,2026-02-14T22:00:00Z,0.009948934261182594,0.8203590131070388,0.11637695312502197,False
2026-02-14T19:00:00Z,turbine_2,2026-02-14T23:00:00Z,0.009963886809552425,1.3894682259481488,0.19905273437501592,False
2026-02-14T19:00:00Z,turbine_2,2026-02-15T00:00:00Z,0.014795710723396045,2.0395263017101324,0.28172851562500983,False
2026-02-14T19:00:00Z,turbine_2,2026-02-15T01:00:00Z,0.01765689051737613,2.3512732688430225,0.3240494791666796,False
2026-02-14T19:00:00Z,turbine_2,2026-02-15T02:00:00Z,0.017283900374621755,2.3106331993098914,0.326015625000025,False
2026-02-14T19:00:00Z,turbine_2,2026-02-15T03:00:00Z,0.01691365542832447,2.270292239490691,0.32798177083337043,False
2026-02-14T19:00:00Z,turbine_2,2026-02-15T04:00:00Z,0.018333686609256945,2.425015271863999,0.9047102864583773,False
2026-02-14T19:00:00Z,turbine_2,2026-02-15T05:00:00Z,0.027225012935197173,2.7881894840684023,2.0562011718750455,False
2026-02-14T19:00:00Z,turbine_2,2026-02-15T06:00:00Z,0.03772389823728935,3.1739119327703973,3.2076920572917134,False
2026-02-14T19:00:00Z,turbine_2,2026-02-15T07:00:00Z,0.04623830821193699,3.486726004948071,3.783678385416711,False
2026-02-14T19:00:00Z,turbine_2,2026-02-15T08:00:00Z,0.056785730097051394,3.7224520205263474,3.7841601562500387,False
2026-02-14T19:00:00Z,turbine_2,2026-02-15T09:00:00Z,0.06782048481256664,3.9669823787617924,3.784641927083366,False
2026-02-14T19:00:00Z,turbine_2,2026-02-15T10:00:00Z,0.07439652044938601,4.112707443930621,3.3863216145833617,False
2026-02-14T19:00:00Z,turbine_2,2026-02-15T11:00:00Z,0.0764383735356722,4.157954944171989,2.589199218750025,False
2026-02-14T19:00:00Z,turbine_2,2026-02-15T12:00:00Z,0.0786846821393598,4.207733182268642,1.7920768229166888,False
2026-02-14T19:00:00Z,turbine_2,2026-02-15T13:00:00Z,0.0773831193888118,4.178890528864674,1.2680338541666933,False
2026-02-14T19:00:00Z,turbine_2,2026-02-15T14:00:00Z,0.0725793207325944,4.072438266301542,1.0170703125000387,False
2026-02-14T19:00:00Z,turbine_2,2026-02-15T15:00:00Z,0.06807927363135342,3.97271714352972,0.7661067708333842,False
2026-02-14T19:00:00Z,turbine_2,2026-02-15T16:00:00Z,0.06568033529604828,3.9195566279006675,0.7005013020833815,False
2026-02-14T19:00:00Z,turbine_2,2026-02-15T17:00:00Z,0.06526369298388535,3.910323826948056,0.8202539062500307,False
2026-02-14T19:00:00Z,turbine_2,2026-02-15T18:00:00Z,0.06492495548322379,3.9028173979861065,0.9400065104166799,False
2026-02-14T19:00:00Z,turbine_2,2026-02-15T19:00:00Z,0.0627958440264946,3.855636250723707,1.1378906250000114,False
2026-02-15T19:00:00Z,turbine_1,2026-02-15T20:00:00Z,0.04930908211971311,3.5037556495115783,1.913916015625034,False
2026-02-15T19:00:00Z,turbine_1,2026-02-15T21:00:00Z,0.05022125010188679,3.5231435352803198,2.1248209635417084,False
2026-02-15T19:00:00Z,turbine_1,2026-02-15T22:00:00Z,0.04585467675545615,3.396236401321917,2.1086197916667118,False
2026-02-15T19:00:00Z,turbine_1,2026-02-15T23:00:00Z,0.038380194473339437,3.126096872064699,1.8653125000000443,False
2026-02-15T19:00:00Z,turbine_1,2026-02-16T00:00:00Z,0.031100609605131738,2.8630012414561943,1.622005208333377,False
2026-02-15T19:00:00Z,turbine_1,2026-02-16T01:00:00Z,0.026629008031018083,2.7013905373747855,1.505507812500042,False
2026-02-15T19:00:00Z,turbine_1,2026-02-16T02:00:00Z,0.02485733821828778,2.6373596077202635,1.5158203125000398,False
2026-02-15T19:00:00Z,turbine_1,2026-02-16T03:00:00Z,0.023089522442157527,2.5734679690016993,1.5261328125000375,False
2026-02-15T19:00:00Z,turbine_1,2026-02-16T04:00:00Z,0.02144369820602069,2.5139852961410156,1.6445312500000377,False
2026-02-15T19:00:00Z,turbine_1,2026-02-16T05:00:00Z,0.020361320552449717,2.4640050346240328,1.871015625000041,False
2026-02-15T19:00:00Z,turbine_1,2026-02-16T06:00:00Z,0.01995013199084249,2.424644501742953,2.097500000000044,False
2026-02-15T19:00:00Z,turbine_1,2026-02-16T07:00:00Z,0.020204072913912227,2.4489526926451255,2.4716764322917113,False
2026-02-15T19:00:00Z,turbine_1,2026-02-16T08:00:00Z,0.02192911884314886,2.5315291603788483,2.993544921875042,False
2026-02-15T19:00:00Z,turbine_1,2026-02-16T09:00:00Z,0.024216755267558836,2.6142079337676547,3.5154134114583733,False
2026-02-15T19:00:00Z,turbine_1,2026-02-16T10:00:00Z,0.025878009624504195,2.674248275429236,3.671474609375035,False
2026-02-15T19:00:00Z,turbine_1,2026-02-16T11:00:00Z,0.027224779215109622,2.7229226436988005,3.461728515625026,False
2026-02-15T19:00:00Z,turbine_1,2026-02-16T12:00:00Z,0.02917814741872739,2.7935204385793693,3.2519824218750175,False
2026-02-15T19:00:00Z,turbine_1,2026-02-16T13:00:00Z,0.029893410224149007,2.819371159774346,3.055725911458353,False
2026-02-15T19:00:00Z,turbine_1,2026-02-16T14:00:00Z,0.029089332391123615,2.7903105239869896,2.872958984375032,False
2026-02-15T19:00:00Z,turbine_1,2026-02-16T15:00:00Z,0.02830987327826464,2.762139647413135,2.6901920572917106,False
2026-02-15T19:00:00Z,turbine_1,2026-02-16T16:00:00Z,0.02954310936325187,2.8067107364715094,2.5157096354167168,False
2026-02-15T19:00:00Z,turbine_1,2026-02-16T17:00:00Z,0.03278490834779757,2.9238744434117176,2.349511718750051,False
2026-02-15T19:00:00Z,turbine_1,2026-02-16T18:00:00Z,0.03604248926922372,3.0416085343382324,2.1833138020833855,False
2026-02-15T19:00:00Z,turbine_1,2026-02-16T19:00:00Z,0.03655876698897563,3.0602676220068803,2.0722037760417136,False
2026-02-15T19:00:00Z,turbine_2,2026-02-15T20:00:00Z,0.04691676810502871,3.5037556495115783,1.913916015625034,False
2026-02-15T19:00:00Z,turbine_2,2026-02-15T21:00:00Z,0.0477916720043004,3.5231435352803198,2.1248209635417084,False
2026-02-15T19:00:00Z,turbine_2,2026-02-15T22:00:00Z,0.04377529374985479,3.396236401321917,2.1086197916667118,False
2026-02-15T19:00:00Z,turbine_2,2026-02-15T23:00:00Z,0.03642243175601244,3.126096872064699,1.8653125000000443,False
2026-02-15T19:00:00Z,turbine_2,2026-02-16T00:00:00Z,0.02926129592236963,2.8630012414561943,1.622005208333377,False
2026-02-15T19:00:00Z,turbine_2,2026-02-16T01:00:00Z,0.02486245356447527,2.7013905373747855,1.505507812500042,False
2026-02-15T19:00:00Z,turbine_2,2026-02-16T02:00:00Z,0.023119611299288537,2.6373596077202635,1.5158203125000398,False
2026-02-15T19:00:00Z,turbine_2,2026-02-16T03:00:00Z,0.02138056036013212,2.5734679690016993,1.5261328125000375,False
2026-02-15T19:00:00Z,turbine_2,2026-02-16T04:00:00Z,0.019761515987869842,2.5139852961410156,1.6445312500000377,False
2026-02-15T19:00:00Z,turbine_2,2026-02-16T05:00:00Z,0.018691530415748676,2.4640050346240328,1.871015625000041,False
2026-02-15T19:00:00Z,turbine_2,2026-02-16T06:00:00Z,0.018330283721369044,2.424644501742953,2.097500000000044,False
2026-02-15T19:00:00Z,turbine_2,2026-02-16T07:00:00Z,0.01855338165645772,2.4489526926451255,2.4716764322917113,False
2026-02-15T19:00:00Z,turbine_2,2026-02-16T08:00:00Z,0.020239038151820397,2.5315291603788483,2.993544921875042,False
2026-02-15T19:00:00Z,turbine_2,2026-02-16T09:00:00Z,0.022489451529750036,2.6142079337676547,3.5154134114583733,False
2026-02-15T19:00:00Z,turbine_2,2026-02-16T10:00:00Z,0.02412367495315875,2.674248275429236,3.671474609375035,False
2026-02-15T19:00:00Z,turbine_2,2026-02-16T11:00:00Z,0.025448530717539653,2.7229226436988005,3.461728515625026,False
2026-02-15T19:00:00Z,turbine_2,2026-02-16T12:00:00Z,0.027370114886482756,2.7935204385793693,3.2519824218750175,False
2026-02-15T19:00:00Z,turbine_2,2026-02-16T13:00:00Z,0.028073739364953564,2.819371159774346,3.055725911458353,False
2026-02-15T19:00:00Z,turbine_2,2026-02-16T14:00:00Z,0.027282745003686687,2.7903105239869896,2.872958984375032,False
2026-02-15T19:00:00Z,turbine_2,2026-02-16T15:00:00Z,0.0265159687815519,2.762139647413135,2.6901920572917106,False
2026-02-15T19:00:00Z,turbine_2,2026-02-16T16:00:00Z,0.027729138389356443,2.8067107364715094,2.5157096354167168,False
2026-02-15T19:00:00Z,turbine_2,2026-02-16T17:00:00Z,0.030918188767089426,2.9238744434117176,2.349511718750051,False
2026-02-15T19:00:00Z,turbine_2,2026-02-16T18:00:00Z,0.03412276428750086,3.0416085343382324,2.1833138020833855,False
2026-02-15T19:00:00Z,turbine_2,2026-02-16T19:00:00Z,0.03463064144615223,3.0602676220068803,2.0722037760417136,False
2026-02-16T19:00:00Z,turbine_1,2026-02-16T20:00:00Z,0.029620030976744077,2.809490804397847,3.6452441406250387,False
2026-02-16T19:00:00Z,turbine_1,2026-02-16T21:00:00Z,0.03693316189534731,3.0737988419557896,3.4458626302083717,False
2026-02-16T19:00:00Z,turbine_1,2026-02-16T22:00:00Z,0.027828730542264042,2.7447503932410156,3.1786816406250393,False
2026-02-16T19:00:00Z,turbine_1,2026-02-16T23:00:00Z,0.014008996643048933,1.855936431913067,2.84370117187504,False
2026-02-16T19:00:00Z,turbine_1,2026-02-17T00:00:00Z,0.01031582788103618,1.2380656831933634,2.5087207031250403,False
2026-02-16T19:00:00Z,turbine_1,2026-02-17T01:00:00Z,0.01017309094692184,1.0362485595599331,2.4104361979167095,False
2026-02-16T19:00:00Z,turbine_1,2026-02-17T02:00:00Z,0.010235975872472972,1.1251621604676387,2.5488476562500466,False
2026-02-16T19:00:00Z,turbine_1,2026-02-17T03:00:00Z,0.010403718001331188,1.3623343693872711,2.6872591145833837,False
2026-02-16T19:00:00Z,turbine_1,2026-02-17T04:00:00Z,0.011117295328102912,1.5791317848083262,2.9625878906250493,False
2026-02-16T19:00:00Z,turbine_1,2026-02-17T05:00:00Z,0.012563346207907918,1.7175532744037674,3.3748339843750443,False
2026-02-16T19:00:00Z,turbine_1,2026-02-17T06:00:00Z,0.014019260461379138,1.856918923637283,3.7870800781250393,False
2026-02-16T19:00:00Z,turbine_1,2026-02-17T07:00:00Z,0.014685796487963585,1.9207222869610459,4.071344401041699,False
2026-02-16T19:00:00Z,turbine_1,2026-02-17T08:00:00Z,0.014638154962872449,1.9161618589969875,4.227626953125025,False
2026-02-16T19:00:00Z,turbine_1,2026-02-17T09:00:00Z,0.01474920562514394,1.9267920507190472,4.383909505208351,False
2026-02-16T19:00:00Z,turbine_1,2026-02-17T10:00:00Z,0.015838069757482642,2.031022266453707,4.452854817708348,False
2026-02-16T19:00:00Z,turbine_1,2026-02-17T11:00:00Z,0.017832948825144683,2.2219796774030236,4.434462890625014,False
2026-02-16T19:00:00Z,turbine_1,2026-02-17T12:00:00Z,0.019840861344837535,2.4141846999473886,4.41607096354168,False
2026-02-16T19:00:00Z,turbine_1,2026-02-17T13:00:00Z,0.021946095763695803,2.532142732951729,4.327679036458354,False
2026-02-16T19:00:00Z,turbine_1,2026-02-17T14:00:00Z,0.02391021344306299,2.603129030769238,4.169287109375034,False
2026-02-16T19:00:00Z,turbine_1,2026-02-17T15:00:00Z,0.02733237807187809,2.7268114353794757,4.010895182291714,False
2026-02-16T19:00:00Z,turbine_1,2026-02-17T16:00:00Z,0.032892070115132885,2.9277474379937765,3.6341512044271367,False
2026-02-16T19:00:00Z,turbine_1,2026-02-17T17:00:00Z,0.039934224634417356,3.1822619628790187,3.0390551757813,False
2026-02-16T19:00:00Z,turbine_1,2026-02-17T18:00:00Z,0.04703577601374948,3.4389231835763603,2.443959147135464,False
2026-02-16T19:00:00Z,turbine_1,2026-02-17T19:00:00Z,0.053958841115402036,3.6025850296502804,2.041727701822964,False
2026-02-16T19:00:00Z,turbine_2,2026-02-16T20:00:00Z,0.02780480838053498,2.809490804397847,3.6452441406250387,False
2026-02-16T19:00:00Z,turbine_2,2026-02-16T21:00:00Z,0.03499894442338117,3.0737988419557896,3.4458626302083717,False
2026-02-16T19:00:00Z,turbine_2,2026-02-16T22:00:00Z,0.026042654911290073,2.7447503932410156,3.1786816406250393,False
2026-02-16T19:00:00Z,turbine_2,2026-02-16T23:00:00Z,0.013110742844882945,1.855936431913067,2.84370117187504,False
2026-02-16T19:00:00Z,turbine_2,2026-02-17T00:00:00Z,0.009959908919557368,1.2380656831933634,2.5087207031250403,False
2026-02-16T19:00:00Z,turbine_2,2026-02-17T01:00:00Z,0.00995460645698094,1.0362485595599331,2.4104361979167095,False
2026-02-16T19:00:00Z,turbine_2,2026-02-17T02:00:00Z,0.00995694253745251,1.1251621604676387,2.5488476562500466,False
2026-02-16T19:00:00Z,turbine_2,2026-02-17T03:00:00Z,0.00996317390543221,1.3623343693872711,2.6872591145833837,False
2026-02-16T19:00:00Z,turbine_2,2026-02-17T04:00:00Z,0.010570259867743771,1.5791317848083262,2.9625878906250493,False
2026-02-16T19:00:00Z,turbine_2,2026-02-17T05:00:00Z,0.011840677260174329,1.7175532744037674,3.3748339843750443,False
2026-02-16T19:00:00Z,turbine_2,2026-02-17T06:00:00Z,0.013119760047183043,1.856918923637283,3.7870800781250393,False
2026-02-16T19:00:00Z,turbine_2,2026-02-17T07:00:00Z,0.013705340383725992,1.9207222869610459,4.071344401041699,False
2026-02-16T19:00:00Z,turbine_2,2026-02-17T08:00:00Z,0.013663485271348577,1.9161618589969875,4.227626953125025,False
2026-02-16T19:00:00Z,turbine_2,2026-02-17T09:00:00Z,0.013761048016035442,1.9267920507190472,4.383909505208351,False
2026-02-16T19:00:00Z,turbine_2,2026-02-17T10:00:00Z,0.014717661611750296,2.031022266453707,4.452854817708348,False
2026-02-16T19:00:00Z,turbine_2,2026-02-17T11:00:00Z,0.01647024798249768,2.2219796774030236,4.434462890625014,False
2026-02-16T19:00:00Z,turbine_2,2026-02-17T12:00:00Z,0.018234284796915193,2.4141846999473886,4.41607096354168,False
2026-02-16T19:00:00Z,turbine_2,2026-02-17T13:00:00Z,0.020255738834108555,2.532142732951729,4.327679036458354,False
2026-02-16T19:00:00Z,turbine_2,2026-02-17T14:00:00Z,0.022187897569785293,2.603129030769238,4.169287109375034,False
2026-02-16T19:00:00Z,turbine_2,2026-02-17T15:00:00Z,0.02555437879030941,2.7268114353794757,4.010895182291714,False
2026-02-16T19:00:00Z,turbine_2,2026-02-17T16:00:00Z,0.031023606862482872,2.9277474379937765,3.6341512044271367,False
2026-02-16T19:00:00Z,turbine_2,2026-02-17T17:00:00Z,0.03795117567129517,3.1822619628790187,3.0390551757813,False
2026-02-16T19:00:00Z,turbine_2,2026-02-17T18:00:00Z,0.04493717487010825,3.4389231835763603,2.443959147135464,False
2026-02-16T19:00:00Z,turbine_2,2026-02-17T19:00:00Z,0.051376574144600104,3.6025850296502804,2.041727701822964,False
2026-02-17T19:00:00Z,turbine_1,2026-02-17T20:00:00Z,0.04865353840424383,3.489822243691251,2.5634765625000284,False
2026-02-17T19:00:00Z,turbine_1,2026-02-17T21:00:00Z,0.052249510093520225,3.5662536573144106,2.279101562500017,False
2026-02-17T19:00:00Z,turbine_1,2026-02-17T22:00:00Z,0.056222886371148084,3.650706704222835,2.114215494791684,False
2026-02-17T19:00:00Z,turbine_1,2026-02-17T23:00:00Z,0.06050173682596783,3.7416525228229203,2.0688183593750296,False
2026-02-17T19:00:00Z,turbine_1,2026-02-18T00:00:00Z,0.06478962186957829,3.832790369184191,2.0234212239583753,False
2026-02-17T19:00:00Z,turbine_1,2026-02-18T01:00:00Z,0.06827514029794765,3.9068741283762587,2.238339843750045,False
2026-02-17T19:00:00Z,turbine_1,2026-02-18T02:00:00Z,0.07104421460279178,3.9657300599115244,2.71357421875004,False
2026-02-17T19:00:00Z,turbine_1,2026-02-18T03:00:00Z,0.07398978536926054,4.028337376392807,3.188808593750035,False
2026-02-17T19:00:00Z,turbine_1,2026-02-18T04:00:00Z,0.07383089059324763,4.024960110552751,4.320426432291697,False
2026-02-17T19:00:00Z,turbine_1,2026-02-18T05:00:00Z,0.07219013325130741,3.9900862533889025,6.108427734375027,False
2026-02-17T19:00:00Z,turbine_1,2026-02-18T06:00:00Z,0.07396520035779973,4.027814828569226,7.896429036458358,False
2026-02-17T19:00:00Z,turbine_1,2026-02-18T07:00:00Z,0.07547669724154488,4.059941289368724,8.999772135416691,False
2026-02-17T19:00:00Z,turbine_1,2026-02-18T08:00:00Z,0.07516269936958378,4.053267348831255,9.418457031250028,False
2026-02-17T19:00:00Z,turbine_1,2026-02-18T09:00:00Z,0.07513923773461079,4.052768678073573,9.837141927083366,False
2026-02-17T19:00:00Z,turbine_1,2026-02-18T10:00:00Z,0.07335122624810642,4.01476497356847,9.539843750000035,False
2026-02-17T19:00:00Z,turbine_1,2026-02-18T11:00:00Z,0.06972526019867425,3.937696037866295,8.52656250000004,False
2026-02-17T19:00:00Z,turbine_1,2026-02-18T12:00:00Z,0.06624767254363743,3.863780845133952,7.513281250000044,False
2026-02-17T19:00:00Z,turbine_1,2026-02-18T13:00:00Z,0.061670826688363184,3.76650121423555,6.782369791666705,False
2026-02-17T19:00:00Z,turbine_1,2026-02-18T14:00:00Z,0.0562656722778143,3.6516161071915514,6.333828125000025,False
2026-02-17T19:00:00Z,turbine_1,2026-02-18T15:00:00Z,0.051587008524108746,3.5521723641750116,5.885286458333345,False
2026-02-17T19:00:00Z,turbine_1,2026-02-18T16:00:00Z,0.049871884595854454,3.515717865168163,5.665620930989595,False
2026-02-17T19:00:00Z,turbine_1,2026-02-18T17:00:00Z,0.05074550852028816,3.5342865073292242,5.674831542968775,False
2026-02-17T19:00:00Z,turbine_1,2026-02-18T18:00:00Z,0.05162791642672532,3.553041850671434,5.684042154947955,False
2026-02-17T19:00:00Z,turbine_1,2026-02-18T19:00:00Z,0.049102874741646436,3.499372767006646,5.59669189453129,False
2026-02-17T19:00:00Z,turbine_2,2026-02-17T20:00:00Z,0.046322583979504915,3.489822243691251,2.5634765625000284,False
2026-02-17T19:00:00Z,turbine_2,2026-02-17T21:00:00Z,0.049737073081838945,3.5662536573144106,2.279101562500017,False
2026-02-17T19:00:00Z,turbine_2,2026-02-17T22:00:00Z,0.053548128135850165,3.650706704222835,2.114215494791684,False
2026-02-17T19:00:00Z,turbine_2,2026-02-17T23:00:00Z,0.057652178070163054,3.7416525228229203,2.0688183593750296,False
2026-02-17T19:00:00Z,turbine_2,2026-02-18T00:00:00Z,0.061764893510299186,3.832790369184191,2.0234212239583753,False
2026-02-17T19:00:00Z,turbine_2,2026-02-18T01:00:00Z,0.0651080207890015,3.9068741283762587,2.238339843750045,False
2026-02-17T19:00:00Z,turbine_2,2026-02-18T02:00:00Z,0.0677639722738453,3.9657300599115244,2.71357421875004,False
2026-02-17T19:00:00Z,turbine_2,2026-02-18T03:00:00Z,0.07058920994884352,4.028337376392807,3.188808593750035,False
2026-02-17T19:00:00Z,turbine_2,2026-02-18T04:00:00Z,0.07043680637644853,4.024960110552751,4.320426432291697,False
2026-02-17T19:00:00Z,turbine_2,2026-02-18T05:00:00Z,0.06886307760688423,3.9900862533889025,6.108427734375027,False
2026-02-17T19:00:00Z,turbine_2,2026-02-18T06:00:00Z,0.07056562928956688,4.027814828569226,7.896429036458358,False
2026-02-17T19:00:00Z,turbine_2,2026-02-18T07:00:00Z,0.07201537817701889,4.059941289368724,8.999772135416691,False
2026-02-17T19:00:00Z,turbine_2,2026-02-18T08:00:00Z,0.07171420781376284,4.053267348831255,9.418457031250028,False
2026-02-17T19:00:00Z,turbine_2,2026-02-18T09:00:00Z,0.07169170463855573,4.052768678073573,9.837141927083366,False
2026-02-17T19:00:00Z,turbine_2,2026-02-18T10:00:00Z,0.0699767373824617,4.01476497356847,9.539843750000035,False
2026-02-17T19:00:00Z,turbine_2,2026-02-18T11:00:00Z,0.06649890007916671,3.937696037866295,8.52656250000004,False
2026-02-17T19:00:00Z,turbine_2,2026-02-18T12:00:00Z,0.06316337958413637,3.863780845133952,7.513281250000044,False
2026-02-17T19:00:00Z,turbine_2,2026-02-18T13:00:00Z,0.05877350802166089,3.76650121423555,6.782369791666705,False
2026-02-17T19:00:00Z,turbine_2,2026-02-18T14:00:00Z,0.05358916614344055,3.6516161071915514,6.333828125000025,False
2026-02-17T19:00:00Z,turbine_2,2026-02-18T15:00:00Z,0.04910163616925353,3.5521723641750116,5.885286458333345,False
2026-02-17T19:00:00Z,turbine_2,2026-02-18T16:00:00Z,0.0474565788531789,3.515717865168163,5.665620930989595,False
2026-02-17T19:00:00Z,turbine_2,2026-02-18T17:00:00Z,0.048294513304860356,3.5342865073292242,5.674831542968775,False
2026-02-17T19:00:00Z,turbine_2,2026-02-18T18:00:00Z,0.04914087289342026,3.553041850671434,5.684042154947955,False
2026-02-17T19:00:00Z,turbine_2,2026-02-18T19:00:00Z,0.046718984755190894,3.499372767006646,5.59669189453129,False
2026-02-18T19:00:00Z,turbine_1,2026-02-18T20:00:00Z,0.033239103847412556,2.940289782136956,5.472753906250034,False
2026-02-18T19:00:00Z,turbine_1,2026-02-18T21:00:00Z,0.028958322265239776,2.7855756122702457,5.305240885416708,False
2026-02-18T19:00:00Z,turbine_1,2026-02-18T22:00:00Z,0.02797114059939506,2.749897316378008,5.3163736979167115,False
2026-02-18T19:00:00Z,turbine_1,2026-02-18T23:00:00Z,0.030706331872079388,2.8487514249226535,5.5061523437500455,False
2026-02-18T19:00:00Z,turbine_1,2026-02-19T00:00:00Z,0.03434017174268403,2.9800841052328213,5.695930989583379,False
2026-02-18T19:00:00Z,turbine_1,2026-02-19T01:00:00Z,0.03593893350564509,3.037865866395607,6.02752929687504,False
2026-02-18T19:00:00Z,turbine_1,2026-02-19T02:00:00Z,0.03508376542086496,3.0069587486663933,6.50094726562503,False
2026-02-18T19:00:00Z,turbine_1,2026-02-19T03:00:00Z,0.034235340874729965,2.976295353015361,6.9743652343750195,False
2026-02-18T19:00:00Z,turbine_1,2026-02-19T04:00:00Z,0.020944647071529886,2.4959488043201468,8.070185546875013,False
2026-02-18T19:00:00Z,turbine_1,2026-02-19T05:00:00Z,0.012396154613247418,1.7015490591275633,9.788408203125016,False
2026-02-18T19:00:00Z,turbine_1,2026-02-19T06:00:00Z,0.010430954171335164,1.4008438520457,11.506630859375019,False
2026-02-18T19:00:00Z,turbine_1,2026-02-19T07:00:00Z,0.010652301484595785,1.5346208057204773,12.61728841145835,False
2026-02-18T19:00:00Z,turbine_1,2026-02-19T08:00:00Z,0.01295523195935594,1.7550660688871669,13.120380859375018,False
2026-02-18T19:00:00Z,turbine_1,2026-02-19T09:00:00Z,0.015435196999662969,1.9924577539364559,13.623473307291686,False
2026-02-18T19:00:00Z,turbine_1,2026-02-19T10:00:00Z,0.01174839970096624,1.6395434954901236,13.354436848958358,False
2026-02-18T19:00:00Z,turbine_1,2026-02-19T11:00:00Z,0.010068555148647778,0.8884443892146706,12.313271484375036,False
2026-02-18T19:00:00Z,turbine_1,2026-02-19T12:00:00Z,0.010093875447740364,0.9242450035694011,11.272106119791715,False
2026-02-18T19:00:00Z,turbine_1,2026-02-19T13:00:00Z,0.010435981029777015,1.4079513755324664,10.64448242187505,False
2026-02-18T19:00:00Z,turbine_1,2026-02-19T14:00:00Z,0.013901446313186634,1.845641305321098,10.430400390625039,False
2026-02-18T19:00:00Z,turbine_1,2026-02-19T15:00:00Z,0.019874384531741562,2.417393666887658,10.216318359375027,False
2026-02-18T19:00:00Z,turbine_1,2026-02-19T16:00:00Z,0.03274688732589345,2.922500303963474,9.974384765625029,False
2026-02-18T19:00:00Z,turbine_1,2026-02-19T17:00:00Z,0.04496524244075599,3.364090848224121,9.704599609375038,False
2026-02-18T19:00:00Z,turbine_1,2026-02-19T18:00:00Z,0.06686558401164953,3.8769143876295633,9.434814453125046,False
2026-02-18T19:00:00Z,turbine_1,2026-02-19T19:00:00Z,0.07445745001425685,4.0382774629694715,9.049890136718801,False
2026-02-18T19:00:00Z,turbine_2,2026-02-18T20:00:00Z,0.03136499387021792,2.940289782136956,5.472753906250034,False
2026-02-18T19:00:00Z,turbine_2,2026-02-18T21:00:00Z,0.027153866595917293,2.7855756122702457,5.305240885416708,False
2026-02-18T19:00:00Z,turbine_2,2026-02-18T22:00:00Z,0.026182747757469517,2.749897316378008,5.3163736979167115,False
2026-02-18T19:00:00Z,turbine_2,2026-02-18T23:00:00Z,0.02887343363987882,2.8487514249226535,5.5061523437500455,False
2026-02-18T19:00:00Z,turbine_2,2026-02-19T00:00:00Z,0.03244814584974057,2.9800841052328213,5.695930989583379,False
2026-02-18T19:00:00Z,turbine_2,2026-02-19T01:00:00Z,0.0340208935211359,3.037865866395607,6.02752929687504,False
2026-02-18T19:00:00Z,turbine_2,2026-02-19T02:00:00Z,0.03317964021801802,3.0069587486663933,6.50094726562503,False
2026-02-18T19:00:00Z,turbine_2,2026-02-19T03:00:00Z,0.032345020726733016,2.976295353015361,6.9743652343750195,False
2026-02-18T19:00:00Z,turbine_2,2026-02-19T04:00:00Z,0.01927058511382646,2.4959488043201468,8.070185546875013,False
2026-02-18T19:00:00Z,turbine_2,2026-02-19T05:00:00Z,0.011693792311178938,1.7015490591275633,9.788408203125016,False
2026-02-18T19:00:00Z,turbine_2,2026-02-19T06:00:00Z,0.009964185688213362,1.4008438520457,11.506630859375019,False
2026-02-18T19:00:00Z,turbine_2,2026-02-19T07:00:00Z,0.010161742937658817,1.5346208057204773,12.61728841145835,False
2026-02-18T19:00:00Z,turbine_2,2026-02-19T08:00:00Z,0.01218496561229125,1.7550660688871669,13.120380859375018,False
2026-02-18T19:00:00Z,turbine_2,2026-02-19T09:00:00Z,0.01436372070578467,1.9924577539364559,13.623473307291686,False
2026-02-18T19:00:00Z,turbine_2,2026-02-19T10:00:00Z,0.011124711984831562,1.6395434954901236,13.354436848958358,False
2026-02-18T19:00:00Z,turbine_2,2026-02-19T11:00:00Z,0.009950723109186732,0.8884443892146706,12.313271484375036,False
2026-02-18T19:00:00Z,turbine_2,2026-02-19T12:00:00Z,0.009951663720242978,0.9242450035694011,11.272106119791715,False
2026-02-18T19:00:00Z,turbine_2,2026-02-19T13:00:00Z,0.009964372428449378,1.4079513755324664,10.64448242187505,False
2026-02-18T19:00:00Z,turbine_2,2026-02-19T14:00:00Z,0.013016255291556237,1.845641305321098,10.430400390625039,False
2026-02-18T19:00:00Z,turbine_2,2026-02-19T15:00:00Z,0.01826373634684843,2.417393666887658,10.216318359375027,False
2026-02-18T19:00:00Z,turbine_2,2026-02-19T16:00:00Z,0.03088078640042723,2.922500303963474,9.974384765625029,False
2026-02-18T19:00:00Z,turbine_2,2026-02-19T17:00:00Z,0.042900331776337876,3.364090848224121,9.704599609375038,False
2026-02-18T19:00:00Z,turbine_2,2026-02-19T18:00:00Z,0.06375604799975014,3.8769143876295633,9.434814453125046,False
2026-02-18T19:00:00Z,turbine_2,2026-02-19T19:00:00Z,0.07103776945702069,4.0382774629694715,9.049890136718801,False
2026-02-19T19:00:00Z,turbine_1,2026-02-19T20:00:00Z,0.1933615922539335,5.685412971822908,9.245537109375022,False
2026-02-19T19:00:00Z,turbine_1,2026-02-19T21:00:00Z,0.09366486808669319,4.446525981639747,8.620843098958357,False
2026-02-19T19:00:00Z,turbine_1,2026-02-19T22:00:00Z,0.062230831248035884,3.778403960928145,7.988212890625022,False
2026-02-19T19:00:00Z,turbine_1,2026-02-19T23:00:00Z,0.05851620965689318,3.699450675469082,7.347646484375019,False
2026-02-19T19:00:00Z,turbine_1,2026-02-20T00:00:00Z,0.05693068196018939,3.6657507095991817,6.707080078125017,False
2026-02-19T19:00:00Z,turbine_1,2026-02-20T01:00:00Z,0.05539097874198795,3.6330247307272665,6.571376953125016,False
2026-02-19T19:00:00Z,turbine_1,2026-02-20T02:00:00Z,0.05294140661791775,3.5809597323367353,6.940537109375015,False
2026-02-19T19:00:00Z,turbine_1,2026-02-20T03:00:00Z,0.05076361491385492,3.53467135386738,7.309697265625013,False
2026-02-19T19:00:00Z,turbine_1,2026-02-20T04:00:00Z,0.04144394106516037,3.2368254858789434,8.023772786458352,False
2026-02-19T19:00:00Z,turbine_1,2026-02-20T05:00:00Z,0.02845641665490739,2.7674359552091614,9.082763671875028,False
2026-02-19T19:00:00Z,turbine_1,2026-02-20T06:00:00Z,0.021171433699671206,2.5041452292570963,10.141754557291705,False
2026-02-19T19:00:00Z,turbine_1,2026-02-20T07:00:00Z,0.018234442038901857,2.2604121347161596,10.85794596354171,False
2026-02-19T19:00:00Z,turbine_1,2026-02-20T08:00:00Z,0.014661762237826599,1.9184216371348657,11.231337890625042,False
2026-02-19T19:00:00Z,turbine_1,2026-02-20T09:00:00Z,0.01123960994688145,1.5908402052844486,11.604729817708375,False
2026-02-19T19:00:00Z,turbine_1,2026-02-20T10:00:00Z,0.010341380026506353,1.2741941073706888,11.548251953125042,False
2026-02-19T19:00:00Z,turbine_1,2026-02-20T11:00:00Z,0.010202615358465287,1.0779934089336414,11.061904296875042,False
2026-02-19T19:00:00Z,turbine_1,2026-02-20T12:00:00Z,0.010247596487383631,1.1415926596280184,10.575556640625042,False
2026-02-19T19:00:00Z,turbine_1,2026-02-20T13:00:00Z,0.010328674994330163,1.2562303402113413,9.911663411458374,False
2026-02-19T19:00:00Z,turbine_1,2026-02-20T14:00:00Z,0.0104262381788719,1.394175864955193,9.070224609375032,False
2026-02-19T19:00:00Z,turbine_1,2026-02-20T15:00:00Z,0.012539550967756434,1.7152755035223626,8.22878580729169,False
2026-02-19T19:00:00Z,turbine_1,2026-02-20T16:00:00Z,0.017080903242859186,2.1499910142118175,7.588359375000019,False
2026-02-19T19:00:00Z,turbine_1,2026-02-20T17:00:00Z,0.026079877496246302,2.6815440973719866,7.148945312500018,False
2026-02-19T19:00:00Z,turbine_1,2026-02-20T18:00:00Z,0.04300959018176195,3.293410503994868,6.709531250000017,False
2026-02-19T19:00:00Z,turbine_1,2026-02-20T19:00:00Z,0.055588875827654566,3.6372309801965015,6.2643522135416845,False
2026-02-19T19:00:00Z,turbine_2,2026-02-19T20:00:00Z,0.18533255028507714,5.685412971822908,9.245537109375022,False
2026-02-19T19:00:00Z,turbine_2,2026-02-19T21:00:00Z,0.08946052194880491,4.446525981639747,8.620843098958357,False
2026-02-19T19:00:00Z,turbine_2,2026-02-19T22:00:00Z,0.05931063515442872,3.778403960928145,7.988212890625022,False
2026-02-19T19:00:00Z,turbine_2,2026-02-19T23:00:00Z,0.05574776408471085,3.699450675469082,7.347646484375019,False
2026-02-19T19:00:00Z,turbine_2,2026-02-20T00:00:00Z,0.054227008707018506,3.6657507095991817,6.707080078125017,False
2026-02-19T19:00:00Z,turbine_2,2026-02-20T01:00:00Z,0.052750205776361477,3.6330247307272665,6.571376953125016,False
2026-02-19T19:00:00Z,turbine_2,2026-02-20T02:00:00Z,0.05040070410037722,3.5809597323367353,6.940537109375015,False
2026-02-19T19:00:00Z,turbine_2,2026-02-20T03:00:00Z,0.048311880012136744,3.53467135386738,7.309697265625013,False
2026-02-19T19:00:00Z,turbine_2,2026-02-20T04:00:00Z,0.03943632690265858,3.2368254858789434,8.023772786458352,False
2026-02-19T19:00:00Z,turbine_2,2026-02-20T05:00:00Z,0.02666012769234949,2.7674359552091614,9.082763671875028,False
2026-02-19T19:00:00Z,turbine_2,2026-02-20T06:00:00Z,0.0194936816061095,2.5041452292570963,10.141754557291705,False
2026-02-19T19:00:00Z,turbine_2,2026-02-20T07:00:00Z,0.01682297690014734,2.2604121347161596,10.85794596354171,False
2026-02-19T19:00:00Z,turbine_2,2026-02-20T08:00:00Z,0.013684225269579957,1.9184216371348657,11.231337890625042,False
2026-02-19T19:00:00Z,turbine_2,2026-02-20T09:00:00Z,0.01067771847878913,1.5908402052844486,11.604729817708375,False
2026-02-19T19:00:00Z,turbine_2,2026-02-20T10:00:00Z,0.009960858143358085,1.2741941073706888,11.548251953125042,False
2026-02-19T19:00:00Z,turbine_2,2026-02-20T11:00:00Z,0.00995570324449618,1.0779934089336414,11.061904296875042,False
2026-02-19T19:00:00Z,turbine_2,2026-02-20T12:00:00Z,0.009957374225831282,1.1415926596280184,10.575556640625042,False
2026-02-19T19:00:00Z,turbine_2,2026-02-20T13:00:00Z,0.009960386170507719,1.2562303402113413,9.911663411458374,False
2026-02-19T19:00:00Z,turbine_2,2026-02-20T14:00:00Z,0.009964010496181234,1.394175864955193,9.070224609375032,False
2026-02-19T19:00:00Z,turbine_2,2026-02-20T15:00:00Z,0.011819772126497716,1.7152755035223626,8.22878580729169,False
2026-02-19T19:00:00Z,turbine_2,2026-02-20T16:00:00Z,0.01580954385307943,2.1499910142118175,7.588359375000019,False
2026-02-19T19:00:00Z,turbine_2,2026-02-20T17:00:00Z,0.02432225815208635,2.6815440973719866,7.148945312500018,False
2026-02-19T19:00:00Z,turbine_2,2026-02-20T18:00:00Z,0.040976500716796316,3.293410503994868,6.709531250000017,False
2026-02-19T19:00:00Z,turbine_2,2026-02-20T19:00:00Z,0.052940018327654534,3.6372309801965015,6.2643522135416845,False
2026-02-20T19:00:00Z,turbine_1,2026-02-20T20:00:00Z,0.04212741515193389,3.2615273128539375,5.998662109375033,False
2026-02-20T19:00:00Z,turbine_1,2026-02-20T21:00:00Z,0.0444803801469489,3.346567163390858,5.517106119791691,False
2026-02-20T19:00:00Z,turbine_1,2026-02-20T22:00:00Z,0.0371965580325751,3.083318392050801,5.138011067708353,False
2026-02-20T19:00:00Z,turbine_1,2026-02-20T23:00:00Z,0.020356052560041617,2.463500762356376,4.861376953125017,False
2026-02-20T19:00:00Z,turbine_1,2026-02-21T00:00:00Z,0.01396216852950588,1.851453866795823,4.584742838541681,False
2026-02-20T19:00:00Z,turbine_1,2026-02-21T01:00:00Z,0.013499378281185605,1.8071538242196068,4.858610026041683,False
2026-02-20T19:00:00Z,turbine_1,2026-02-21T02:00:00Z,0.018911974507056135,2.3252681192468265,5.682978515625024,False
2026-02-20T19:00:00Z,turbine_1,2026-02-21T03:00:00Z,0.030558143989135353,2.843395682086002,6.507347005208365,False
2026-02-20T19:00:00Z,turbine_1,2026-02-21T04:00:00Z,0.03224364108541492,2.9043121944232855,6.905592447916698,False
2026-02-20T19:00:00Z,turbine_1,2026-02-21T05:00:00Z,0.13281860783605162,4.982838750854811,6.877714843750027,False
2026-02-20T19:00:00Z,turbine_1,2026-02-21T06:00:00Z,0.7516753744382288,9.666250231722238,6.849837239583357,False
2026-02-20T19:00:00Z,turbine_1,2026-02-21T07:00:00Z,0.9630740979959318,12.290243197093961,6.491790364583352,False
2026-02-20T19:00:00Z,turbine_1,2026-02-21T08:00:00Z,0.9677866884004791,12.743719975175551,5.803574218750015,False
2026-02-20T19:00:00Z,turbine_1,2026-02-21T09:00:00Z,0.9698792787290188,13.233127786792053,5.115358072916678,False
2026-02-20T19:00:00Z,turbine_1,2026-02-21T10:00:00Z,0.9668877973481771,12.533490434883374,4.474677734375016,False
2026-02-20T19:00:00Z,turbine_1,2026-02-21T11:00:00Z,0.878339399694513,10.671455804660468,3.8815332031250307,False
2026-02-20T19:00:00Z,turbine_1,2026-02-21T12:00:00Z,0.6470948926120261,8.926174820900986,3.2883886718750452,False
2026-02-20T19:00:00Z,turbine_1,2026-02-21T13:00:00Z,0.474839590535421,7.739367064905047,2.9738541666667118,False
2026-02-20T19:00:00Z,turbine_1,2026-02-21T14:00:00Z,0.3826587312735351,7.117671900186576,2.9379296875000307,False
2026-02-20T19:00:00Z,turbine_1,2026-02-21T15:00:00Z,0.31643215828146165,6.675529831552533,2.9020052083333496,False
2026-02-20T19:00:00Z,turbine_1,2026-02-21T16:00:00Z,0.20490913066692784,5.782859383308626,2.8853157552083433,False
2026-02-20T19:00:00Z,turbine_1,2026-02-21T17:00:00Z,0.08872290091910438,4.341485795193211,2.8878613281250125,False
2026-02-20T19:00:00Z,turbine_1,2026-02-21T18:00:00Z,0.032303633562871,2.9064804167840146,2.8904069010416817,False
2026-02-20T19:00:00Z,turbine_1,2026-02-21T19:00:00Z,0.015252058516388254,1.9749270418355414,2.561735026041684,False
2026-02-20T19:00:00Z,turbine_2,2026-02-20T20:00:00Z,0.04010867990942629,3.2615273128539375,5.998662109375033,False
2026-02-20T19:00:00Z,turbine_2,2026-02-20T21:00:00Z,0.04242335887068109,3.346567163390858,5.517106119791691,False
2026-02-20T19:00:00Z,turbine_2,2026-02-20T22:00:00Z,0.035258054736797904,3.083318392050801,5.138011067708353,False
2026-02-20T19:00:00Z,turbine_2,2026-02-20T23:00:00Z,0.018686902259663782,2.463500762356376,4.861376953125017,False
2026-02-20T19:00:00Z,turbine_2,2026-02-21T00:00:00Z,0.013069602349254028,1.851453866795823,4.584742838541681,False
2026-02-20T19:00:00Z,turbine_2,2026-02-21T01:00:00Z,0.012663021371555226,1.8071538242196068,4.858610026041683,False
2026-02-20T19:00:00Z,turbine_2,2026-02-21T02:00:00Z,0.017418218079763136,2.3252681192468265,5.682978515625024,False
2026-02-20T19:00:00Z,turbine_2,2026-02-21T03:00:00Z,0.02872765698119918,2.843395682086002,6.507347005208365,False
2026-02-20T19:00:00Z,turbine_2,2026-02-21T04:00:00Z,0.030385728680642154,2.9043121944232855,6.905592447916698,False
2026-02-20T19:00:00Z,turbine_2,2026-02-21T05:00:00Z,0.12656515444932664,4.982838750854811,6.877714843750027,False
2026-02-20T19:00:00Z,turbine_2,2026-02-21T06:00:00Z,0.7370078013223985,9.666250231722238,6.849837239583357,False
2026-02-20T19:00:00Z,turbine_2,2026-02-21T07:00:00Z,0.9584491613322026,12.290243197093961,6.491790364583352,False
2026-02-20T19:00:00Z,turbine_2,2026-02-21T08:00:00Z,0.9637371937451584,12.743719975175551,5.803574218750015,False
2026-02-20T19:00:00Z,turbine_2,2026-02-21T09:00:00Z,0.9660025570776112,13.233127786792053,5.115358072916678,False
2026-02-20T19:00:00Z,turbine_2,2026-02-21T10:00:00Z,0.9627640864904885,12.533490434883374,4.474677734375016,False
2026-02-20T19:00:00Z,turbine_2,2026-02-21T11:00:00Z,0.8686225544370949,10.671455804660468,3.8815332031250307,False
2026-02-20T19:00:00Z,turbine_2,2026-02-21T12:00:00Z,0.6343239434776916,8.926174820900986,3.2883886718750452,False
2026-02-20T19:00:00Z,turbine_2,2026-02-21T13:00:00Z,0.46086952453316743,7.739367064905047,2.9738541666667118,False
2026-02-20T19:00:00Z,turbine_2,2026-02-21T14:00:00Z,0.36924187920999446,7.117671900186576,2.9379296875000307,False
2026-02-20T19:00:00Z,turbine_2,2026-02-21T15:00:00Z,0.30516389540704214,6.675529831552533,2.9020052083333496,False
2026-02-20T19:00:00Z,turbine_2,2026-02-21T16:00:00Z,0.19657909452231576,5.782859383308626,2.8853157552083433,False
2026-02-20T19:00:00Z,turbine_2,2026-02-21T17:00:00Z,0.08472044508851798,4.341485795193211,2.8878613281250125,False
2026-02-20T19:00:00Z,turbine_2,2026-02-21T18:00:00Z,0.03044474499652247,2.9064804167840146,2.8904069010416817,False
2026-02-20T19:00:00Z,turbine_2,2026-02-21T19:00:00Z,0.014202825734781353,1.9749270418355414,2.561735026041684,False
2026-02-21T19:00:00Z,turbine_1,2026-02-21T20:00:00Z,0.012533855487517074,1.7147303104937466,2.3974414062500387,False
2026-02-21T19:00:00Z,turbine_1,2026-02-21T21:00:00Z,0.010386167032591834,1.3375188859250895,1.67865234375004,False
2026-02-21T19:00:00Z,turbine_1,2026-02-21T22:00:00Z,0.010308916134135534,1.228293097790535,1.2973632812500377,False
2026-02-21T19:00:00Z,turbine_1,2026-02-21T23:00:00Z,0.010421833449670036,1.387947975982938,1.2535742187500318,False
2026-02-21T19:00:00Z,turbine_1,2026-02-22T00:00:00Z,0.012537977581447483,1.7151248930012284,1.209785156250026,False
2026-02-21T19:00:00Z,turbine_1,2026-02-22T01:00:00Z,0.01610151733133227,2.056240470122646,1.4974414062500234,False
2026-02-21T19:00:00Z,turbine_1,2026-02-22T02:00:00Z,0.019552479357530652,2.386579679395902,2.116542968750025,False
2026-02-21T19:00:00Z,turbine_1,2026-02-22T03:00:00Z,0.02875908239394337,2.778374770391196,2.7356445312500264,False
2026-02-21T19:00:00Z,turbine_1,2026-02-22T04:00:00Z,0.03383759722822005,2.961920272925826,3.7426529947916927,False
2026-02-21T19:00:00Z,turbine_1,2026-02-22T05:00:00Z,0.03276859182892319,2.9232847387925243,5.137568359375024,False
2026-02-21T19:00:00Z,turbine_1,2026-02-22T06:00:00Z,0.03225377629593875,2.904678496850195,6.532483723958355,False
2026-02-21T19:00:00Z,turbine_1,2026-02-22T07:00:00Z,0.035939367332324994,3.037881545573196,7.421383463541693,False
2026-02-21T19:00:00Z,turbine_1,2026-02-22T08:00:00Z,0.04414749000857636,3.334535990945713,7.804267578125035,False
2026-02-21T19:00:00Z,turbine_1,2026-02-22T09:00:00Z,0.057101793532214666,3.669387640161281,8.187151692708378,False
2026-02-21T19:00:00Z,turbine_1,2026-02-22T10:00:00Z,0.06582620644862193,3.854822696344202,8.062229817708376,False
2026-02-21T19:00:00Z,turbine_1,2026-02-22T11:00:00Z,0.0668736140844709,3.8770850646732855,7.429501953125026,False
2026-02-21T19:00:00Z,turbine_1,2026-02-22T12:00:00Z,0.06816683999816969,3.904572234556425,6.796774088541676,False
2026-02-21T19:00:00Z,turbine_1,2026-02-22T13:00:00Z,0.06636510158893788,3.866276767991047,6.0438411458333405,False
2026-02-21T19:00:00Z,turbine_1,2026-02-22T14:00:00Z,0.062777191174749,3.7900166946074063,5.170703125000017,False
2026-02-21T19:00:00Z,turbine_1,2026-02-22T15:00:00Z,0.06210233583533417,3.7756728254005294,4.297565104166694,False
2026-02-21T19:00:00Z,turbine_1,2026-02-22T16:00:00Z,0.04586815128604675,3.396723392020847,3.8047135416667004,False
2026-02-21T19:00:00Z,turbine_1,2026-02-22T17:00:00Z,0.024503266790235713,2.624562910198314,3.6921484375000375,False
2026-02-21T19:00:00Z,turbine_1,2026-02-22T18:00:00Z,0.014080077734155209,1.8627405842775582,3.5795833333333746,False
2026-02-21T19:00:00Z,turbine_1,2026-02-22T19:00:00Z,0.010358333118816933,1.298164247601334,3.4915885416667054,False
2026-02-21T19:00:00Z,turbine_2,2026-02-21T20:00:00Z,0.011814768404114653,1.7147303104937466,2.3974414062500387,False
2026-02-21T19:00:00Z,turbine_2,2026-02-21T21:00:00Z,0.009962521913321703,1.3375188859250895,1.67865234375004,False
2026-02-21T19:00:00Z,turbine_2,2026-02-21T22:00:00Z,0.00995965215854799,1.228293097790535,1.2973632812500377,False
2026-02-21T19:00:00Z,turbine_2,2026-02-21T23:00:00Z,0.009963846867111454,1.387947975982938,1.2535742187500318,False
2026-02-21T19:00:00Z,turbine_2,2026-02-22T00:00:00Z,0.011818389839498126,1.7151248930012284,1.209785156250026,False
2026-02-21T19:00:00Z,turbine_2,2026-02-22T01:00:00Z,0.014949111545142224,2.056240470122646,1.4974414062500234,False
2026-02-21T19:00:00Z,turbine_2,2026-02-22T02:00:00Z,0.017980928917495684,2.386579679395902,2.116542968750025,False
2026-02-21T19:00:00Z,turbine_2,2026-02-22T03:00:00Z,0.026957868636189895,2.778374770391196,2.7356445312500264,False
2026-02-21T19:00:00Z,turbine_2,2026-02-22T04:00:00Z,0.03195374892604761,2.961920272925826,3.7426529947916927,False
2026-02-21T19:00:00Z,turbine_2,2026-02-22T05:00:00Z,0.03090213774081429,2.9232847387925243,5.137568359375024,False
2026-02-21T19:00:00Z,turbine_2,2026-02-22T06:00:00Z,0.03039569897710517,2.904678496850195,6.532483723958355,False
2026-02-21T19:00:00Z,turbine_2,2026-02-22T07:00:00Z,0.03402132028884852,3.037881545573196,7.421383463541693,False
2026-02-21T19:00:00Z,turbine_2,2026-02-22T08:00:00Z,0.04209588532078443,3.334535990945713,7.804267578125035,False
2026-02-21T19:00:00Z,turbine_2,2026-02-22T09:00:00Z,0.05439112999224348,3.669387640161281,8.187151692708378,False
2026-02-21T19:00:00Z,turbine_2,2026-02-22T10:00:00Z,0.06275913131282437,3.854822696344202,8.062229817708376,False
2026-02-21T19:00:00Z,turbine_2,2026-02-22T11:00:00Z,0.06376375002630681,3.8770850646732855,7.429501953125026,False
2026-02-21T19:00:00Z,turbine_2,2026-02-22T12:00:00Z,0.06500414479639952,3.904572234556425,6.796774088541676,False
2026-02-21T19:00:00Z,turbine_2,2026-02-22T13:00:00Z,0.06327601139278229,3.866276767991047,6.0438411458333405,False
2026-02-21T19:00:00Z,turbine_2,2026-02-22T14:00:00Z,0.059834675067721894,3.7900166946074063,5.170703125000017,False
2026-02-21T19:00:00Z,turbine_2,2026-02-22T15:00:00Z,0.05918738906400649,3.7756728254005294,4.297565104166694,False
2026-02-21T19:00:00Z,turbine_2,2026-02-22T16:00:00Z,0.04378854903097327,3.396723392020847,3.8047135416667004,False
2026-02-21T19:00:00Z,turbine_2,2026-02-22T17:00:00Z,0.02277130110894151,2.624562910198314,3.6921484375000375,False
2026-02-21T19:00:00Z,turbine_2,2026-02-22T18:00:00Z,0.01317319061603366,1.8627405842775582,3.5795833333333746,False
2026-02-21T19:00:00Z,turbine_2,2026-02-22T19:00:00Z,0.009961487925257839,1.298164247601334,3.4915885416667054,False
2026-02-22T19:00:00Z,turbine_1,2026-02-22T20:00:00Z,0.009982893450635386,0.5437814233930807,4.533115234375032,True
2026-02-22T19:00:00Z,turbine_1,2026-02-22T21:00:00Z,0.009982893450635386,0.6549716026067722,4.612184244791706,True
2026-02-22T19:00:00Z,turbine_1,2026-02-22T22:00:00Z,0.009982893450635386,0.46646815393610447,4.46264322916671,True
2026-02-22T19:00:00Z,turbine_1,2026-02-22T23:00:00Z,0.009982893450635386,0.3954296267314781,4.084492187500047,True
2026-02-22T19:00:00Z,turbine_1,2026-02-23T00:00:00Z,0.01007995928108673,0.9045688017267166,3.706341145833382,False
2026-02-22T19:00:00Z,turbine_1,2026-02-23T01:00:00Z,0.010455035483347697,1.4348926506544428,3.6768066406250455,False
2026-02-22T19:00:00Z,turbine_1,2026-02-23T02:00:00Z,0.014385081904424085,1.8919367433968919,3.9958886718750364,False
2026-02-22T19:00:00Z,turbine_1,2026-02-23T03:00:00Z,0.019453091671150353,2.37706591208084,4.314970703125027,False
2026-02-22T19:00:00Z,turbine_1,2026-02-23T04:00:00Z,0.024806493530531083,2.6355220008469837,4.856949869791691,False
2026-02-22T19:00:00Z,turbine_1,2026-02-23T05:00:00Z,0.026273501031023477,2.688541956028093,5.621826171875028,False
2026-02-22T19:00:00Z,turbine_1,2026-02-23T06:00:00Z,0.029331443634554137,2.799060804589659,6.3867024739583655,False
2026-02-22T19:00:00Z,turbine_1,2026-02-23T07:00:00Z,0.04741582216628267,3.4526586484375144,6.61277343750003,False
2026-02-22T19:00:00Z,turbine_1,2026-02-23T08:00:00Z,0.10578329403381859,4.626901682280839,6.300039062500019,False
2026-02-22T19:00:00Z,turbine_1,2026-02-23T09:00:00Z,0.2079355079621365,5.808398125564558,5.987304687500009,False
2026-02-22T19:00:00Z,turbine_1,2026-02-23T10:00:00Z,0.2710129920539137,6.340691178027962,5.2829361979166745,False
2026-02-22T19:00:00Z,turbine_1,2026-02-23T11:00:00Z,0.25991125609568405,6.247006767402917,4.1869335937500125,False
2026-02-22T19:00:00Z,turbine_1,2026-02-23T12:00:00Z,0.2549452552230478,6.205100090224965,3.0909309895833514,False
2026-02-22T19:00:00Z,turbine_1,2026-02-23T13:00:00Z,0.25330888630677484,6.191291235640153,2.1652701822916924,False
2026-02-22T19:00:00Z,turbine_1,2026-02-23T14:00:00Z,0.25196622874662816,6.179960928139878,1.4099511718750364,False
2026-02-22T19:00:00Z,turbine_1,2026-02-23T15:00:00Z,0.2507875639175895,6.170014508926845,0.6546321614583803,False
2026-02-22T19:00:00Z,turbine_1,2026-02-23T16:00:00Z,0.23423556555631447,6.030336874998499,-0.16128580729161968,False
2026-02-22T19:00:00Z,turbine_1,2026-02-23T17:00:00Z,0.2022382945873879,5.760320952838901,-1.0378027343749636,False
2026-02-22T19:00:00Z,turbine_1,2026-02-23T18:00:00Z,0.1713775306962511,5.490491448013286,-1.9143196614583076,False
2026-02-22T19:00:00Z,turbine_1,2026-02-23T19:00:00Z,0.14683291889634936,5.167346052429915,-2.485563151041646,False
2026-02-22T19:00:00Z,turbine_2,2026-02-22T20:00:00Z,0.009947344322344322,0.5437814233930807,4.533115234375032,True
2026-02-22T19:00:00Z,turbine_2,2026-02-22T21:00:00Z,0.009947344322344322,0.6549716026067722,4.612184244791706,True
2026-02-22T19:00:00Z,turbine_2,2026-02-22T22:00:00Z,0.009947344322344322,0.46646815393610447,4.46264322916671,True
2026-02-22T19:00:00Z,turbine_2,2026-02-22T23:00:00Z,0.009947344322344322,0.3954296267314781,4.084492187500047,True
2026-02-22T19:00:00Z,turbine_2,2026-02-23T00:00:00Z,0.009951146755567044,0.9045688017267166,3.706341145833382,False
2026-02-22T19:00:00Z,turbine_2,2026-02-23T01:00:00Z,0.009965080272761712,1.4348926506544428,3.6768066406250455,False
2026-02-22T19:00:00Z,turbine_2,2026-02-23T02:00:00Z,0.013441149792356475,1.8919367433968919,3.9958886718750364,False
2026-02-22T19:00:00Z,turbine_2,2026-02-23T03:00:00Z,0.017893612594720106,2.37706591208084,4.314970703125027,False
2026-02-22T19:00:00Z,turbine_2,2026-02-23T04:00:00Z,0.023069593925765623,2.6355220008469837,4.856949869791691,False
2026-02-22T19:00:00Z,turbine_2,2026-02-23T05:00:00Z,0.024512731160950492,2.688541956028093,5.621826171875028,False
2026-02-22T19:00:00Z,turbine_2,2026-02-23T06:00:00Z,0.02752091675831931,2.799060804589659,6.3867024739583655,False
2026-02-22T19:00:00Z,turbine_2,2026-02-23T07:00:00Z,0.045311037139813964,3.4526586484375144,6.61277343750003,False
2026-02-22T19:00:00Z,turbine_2,2026-02-23T08:00:00Z,0.10052897375765274,4.626901682280839,6.300039062500019,False
2026-02-22T19:00:00Z,turbine_2,2026-02-23T09:00:00Z,0.1995265873049194,5.808398125564558,5.987304687500009,False
2026-02-22T19:00:00Z,turbine_2,2026-02-23T10:00:00Z,0.26095991533036267,6.340691178027962,5.2829361979166745,False
2026-02-22T19:00:00Z,turbine_2,2026-02-23T11:00:00Z,0.25014755341400197,6.247006767402917,4.1869335937500125,False
2026-02-22T19:00:00Z,turbine_2,2026-02-23T12:00:00Z,0.24531099461689745,6.205100090224965,3.0909309895833514,False
2026-02-22T19:00:00Z,turbine_2,2026-02-23T13:00:00Z,0.24371727873156246,6.191291235640153,2.1652701822916924,False
2026-02-22T19:00:00Z,turbine_2,2026-02-23T14:00:00Z,0.2424096184228805,6.179960928139878,1.4099511718750364,False
2026-02-22T19:00:00Z,turbine_2,2026-02-23T15:00:00Z,0.24126167626702294,6.170014508926845,0.6546321614583803,False
2026-02-22T19:00:00Z,turbine_2,2026-02-23T16:00:00Z,0.2251411166181107,6.030336874998499,-0.16128580729161968,False
2026-02-22T19:00:00Z,turbine_2,2026-02-23T17:00:00Z,0.19397787553999504,5.760320952838901,-1.0378027343749636,False
2026-02-22T19:00:00Z,turbine_2,2026-02-23T18:00:00Z,0.1636990708598529,5.490491448013286,-1.9143196614583076,False
2026-02-22T19:00:00Z,turbine_2,2026-02-23T19:00:00Z,0.14006154430832274,5.167346052429915,-2.485563151041646,False
2026-02-23T19:00:00Z,turbine_1,2026-02-23T20:00:00Z,0.16576130889445692,5.41655032274228,-3.511874999999975,False
2026-02-23T19:00:00Z,turbine_1,2026-02-23T21:00:00Z,0.10687542666110557,4.641280301619018,-3.788893229166642,False
2026-02-23T19:00:00Z,turbine_1,2026-02-23T22:00:00Z,0.08004173303114827,4.1569699004893845,-3.967210286458311,False
2026-02-23T19:00:00Z,turbine_1,2026-02-23T23:00:00Z,0.06968579147996529,3.9368571408377626,-4.046826171874983,False
2026-02-23T19:00:00Z,turbine_1,2026-02-24T00:00:00Z,0.059782303268401865,3.7263611555475094,-4.126442057291655,False
2026-02-23T19:00:00Z,turbine_1,2026-02-24T01:00:00Z,0.054213331518592325,3.607994154902119,-3.9429492187499875,False
2026-02-23T19:00:00Z,turbine_1,2026-02-24T02:00:00Z,0.05322609283574041,3.5870106615284483,-3.4963476562499807,False
2026-02-23T19:00:00Z,turbine_1,2026-02-24T03:00:00Z,0.05322715972104112,3.587033337889319,-3.049746093749974,False
2026-02-23T19:00:00Z,turbine_1,2026-02-24T04:00:00Z,0.048271835883420586,3.4817092590042344,-2.622827148437466,False
2026-02-23T19:00:00Z,turbine_1,2026-02-24T05:00:00Z,0.042533665657609195,3.2762098441947645,-2.215590820312457,False
2026-02-23T19:00:00Z,turbine_1,2026-02-24T06:00:00Z,0.03779948733830227,3.1051092041334263,-1.8083544921874477,False
2026-02-23T19:00:00Z,turbine_1,2026-02-24T07:00:00Z,0.03525976651349672,3.0133197045851805,-1.6607828776041154,False
2026-02-23T19:00:00Z,turbine_1,2026-02-24T08:00:00Z,0.03441011935495896,2.982612121801651,-1.7728759765624602,False
2026-02-23T19:00:00Z,turbine_1,2026-02-24T09:00:00Z,0.03358570740849291,2.952816579217356,-1.884969075520805,False
2026-02-23T19:00:00Z,turbine_1,2026-02-24T10:00:00Z,0.03271709572690027,2.9214235887845383,-2.0647216796874757,False
2026-02-23T19:00:00Z,turbine_1,2026-02-24T11:00:00Z,0.03204604741697851,2.8971708489011574,-2.3121337890624716,False
2026-02-23T19:00:00Z,turbine_1,2026-02-24T12:00:00Z,0.03188811781507805,2.891463025040869,-2.5595458984374675,False
2026-02-23T19:00:00Z,turbine_1,2026-02-24T13:00:00Z,0.029205876956429275,2.7945226276245196,-2.7003987630207957,False
2026-02-23T19:00:00Z,turbine_1,2026-02-24T14:00:00Z,0.02377739965570568,2.5983289318939735,-2.7346923828124545,False
2026-02-23T19:00:00Z,turbine_1,2026-02-24T15:00:00Z,0.01974613787419587,2.405117409100999,-2.7689860026041133,False
2026-02-23T19:00:00Z,turbine_1,2026-02-24T16:00:00Z,0.015232811806622133,1.9730846735808385,-2.780110677083276,False
2026-02-23T19:00:00Z,turbine_1,2026-02-24T17:00:00Z,0.01036083462763877,1.3017011549778255,-2.768066406249943,False
2026-02-23T19:00:00Z,turbine_1,2026-02-24T18:00:00Z,0.009982893450635386,0.6399950833604335,-2.75602213541661,True
2026-02-23T19:00:00Z,turbine_1,2026-02-24T19:00:00Z,0.009982893450635386,0.35624691381981277,-2.7515950520832844,True
2026-02-23T19:00:00Z,turbine_2,2026-02-23T20:00:00Z,0.15829040548590212,5.41655032274228,-3.511874999999975,False
2026-02-23T19:00:00Z,turbine_2,2026-02-23T21:00:00Z,0.10158074488305271,4.641280301619018,-3.788893229166642,False
2026-02-23T19:00:00Z,turbine_2,2026-02-23T22:00:00Z,0.07639392214117036,4.1569699004893845,-3.967210286458311,False
2026-02-23T19:00:00Z,turbine_2,2026-02-23T23:00:00Z,0.0664610437450566,3.9368571408377626,-4.046826171874983,False
2026-02-23T19:00:00Z,turbine_2,2026-02-24T00:00:00Z,0.05696213496726722,3.7263611555475094,-4.126442057291655,False
2026-02-23T19:00:00Z,turbine_2,2026-02-24T01:00:00Z,0.05162066805101832,3.607994154902119,-3.9429492187499875,False
2026-02-23T19:00:00Z,turbine_2,2026-02-24T02:00:00Z,0.05067376025550384,3.5870106615284483,-3.4963476562499807,False
2026-02-23T19:00:00Z,turbine_2,2026-02-24T03:00:00Z,0.050674783556176425,3.587033337889319,-3.049746093749974,False
2026-02-23T19:00:00Z,turbine_2,2026-02-24T04:00:00Z,0.04610175862704423,3.4817092590042344,-2.622827148437466,False
2026-02-23T19:00:00Z,turbine_2,2026-02-24T05:00:00Z,0.040508320150771986,3.2762098441947645,-2.215590820312457,False
2026-02-23T19:00:00Z,turbine_2,2026-02-24T06:00:00Z,0.035851173538840146,3.1051092041334263,-1.8083544921874477,False
2026-02-23T19:00:00Z,turbine_2,2026-02-24T07:00:00Z,0.03335277752653543,3.0133197045851805,-1.6607828776041154,False
2026-02-23T19:00:00Z,turbine_2,2026-02-24T08:00:00Z,0.032516955316462676,2.982612121801651,-1.7728759765624602,False
2026-02-23T19:00:00Z,turbine_2,2026-02-24T09:00:00Z,0.03170595770624115,2.952816579217356,-1.884969075520805,False
2026-02-23T19:00:00Z,turbine_2,2026-02-24T10:00:00Z,0.030851479552447016,2.9214235887845383,-2.0647216796874757,False
2026-02-23T19:00:00Z,turbine_2,2026-02-24T11:00:00Z,0.030191350137750143,2.8971708489011574,-2.3121337890624716,False
2026-02-23T19:00:00Z,turbine_2,2026-02-24T12:00:00Z,0.030035990271516346,2.891463025040869,-2.5595458984374675,False
2026-02-23T19:00:00Z,turbine_2,2026-02-24T13:00:00Z,0.02739739322579501,2.7945226276245196,-2.7003987630207957,False
2026-02-23T19:00:00Z,turbine_2,2026-02-24T14:00:00Z,0.022057244848639065,2.5983289318939735,-2.7346923828124545,False
2026-02-23T19:00:00Z,turbine_2,2026-02-24T15:00:00Z,0.01815106618666077,2.405117409100999,-2.7689860026041133,False
2026-02-23T19:00:00Z,turbine_2,2026-02-24T16:00:00Z,0.01418591667910743,1.9730846735808385,-2.780110677083276,False
2026-02-23T19:00:00Z,turbine_2,2026-02-24T17:00:00Z,0.009961580852550937,1.3017011549778255,-2.768066406249943,False
2026-02-23T19:00:00Z,turbine_2,2026-02-24T18:00:00Z,0.009947344322344322,0.6399950833604335,-2.75602213541661,True
2026-02-23T19:00:00Z,turbine_2,2026-02-24T19:00:00Z,0.009947344322344322,0.35624691381981277,-2.7515950520832844,True
2026-02-24T19:00:00Z,turbine_1,2026-02-24T20:00:00Z,0.015737358955419146,2.021381845473596,-2.819848632812466,False
2026-02-24T19:00:00Z,turbine_1,2026-02-24T21:00:00Z,0.016179240839933016,2.0636804599510468,-2.8466389973958144,False
2026-02-24T19:00:00Z,turbine_1,2026-02-24T22:00:00Z,0.016679857150769358,2.1116013570850987,-2.8550211588541474,False
2026-02-24T19:00:00Z,turbine_1,2026-02-24T23:00:00Z,0.016750782324603912,2.118390584455382,-2.844995117187466,False
2026-02-24T19:00:00Z,turbine_1,2026-02-25T00:00:00Z,0.016894706139801652,2.1321675193932568,-2.8349690755207844,False
2026-02-24T19:00:00Z,turbine_1,2026-02-25T01:00:00Z,0.017259462766762455,2.16708341090776,-2.670467122395782,False
2026-02-24T19:00:00Z,turbine_1,2026-02-25T02:00:00Z,0.017808820335292616,2.219670006592919,-2.35148925781246,False
2026-02-24T19:00:00Z,turbine_1,2026-02-25T03:00:00Z,0.018358181587386925,2.272256954882847,-2.0325113932291385,False
2026-02-24T19:00:00Z,turbine_1,2026-02-25T04:00:00Z,0.016064637119377813,2.0527101559776693,-1.7776814778645567,False
2026-02-24T19:00:00Z,turbine_1,2026-02-25T05:00:00Z,0.011128830567248003,1.5802359817681997,-1.586999511718716,False
2026-02-24T19:00:00Z,turbine_1,2026-02-25T06:00:00Z,0.010269963165998135,1.1732171215882081,-1.3963175455728751,False
2026-02-24T19:00:00Z,turbine_1,2026-02-25T07:00:00Z,0.010188888090481078,1.0585842927360125,-1.1299560546874545,False
2026-02-24T19:00:00Z,turbine_1,2026-02-25T08:00:00Z,0.010292715360951162,1.2053866688063684,-0.7879150390624545,False
2026-02-24T19:00:00Z,turbine_1,2026-02-25T09:00:00Z,0.010414612456925865,1.3777381449083874,-0.4458740234374545,False
2026-02-24T19:00:00Z,turbine_1,2026-02-25T10:00:00Z,0.011487690446634257,1.614587414179336,-0.24677734374995453,False
2026-02-24T19:00:00Z,turbine_1,2026-02-25T11:00:00Z,0.014561680584273467,1.9088414406428396,-0.19062499999995453,False
2026-02-24T19:00:00Z,turbine_1,2026-02-25T12:00:00Z,0.017689181969278357,2.2082177672092733,-0.13447265624995453,False
2026-02-24T19:00:00Z,turbine_1,2026-02-25T13:00:00Z,0.02012169680520086,2.44106733824014,-0.04871012369787309,False
2026-02-24T19:00:00Z,turbine_1,2026-02-25T14:00:00Z,0.02510653172607554,2.646365852480359,0.06666259765628979,False
2026-02-24T19:00:00Z,turbine_1,2026-02-25T15:00:00Z,0.03278146049797831,2.923749832703983,0.18203531901045267,False
2026-02-24T19:00:00Z,turbine_1,2026-02-25T16:00:00Z,0.03496029240884037,3.0024962400824746,-0.1346313476562197,False
2026-02-24T19:00:00Z,turbine_1,2026-02-25T17:00:00Z,0.0314948824144229,2.8772508800372725,-0.8833374023437273,False
2026-02-24T19:00:00Z,turbine_1,2026-02-25T18:00:00Z,0.029533237234186282,2.806353942221702,-1.632043457031235,False
2026-02-24T19:00:00Z,turbine_1,2026-02-25T19:00:00Z,0.034490806547231814,2.9855282836594195,-1.9596354166666479,False
2026-02-24T19:00:00Z,turbine_2,2026-02-24T20:00:00Z,0.014629182875397433,2.021381845473596,-2.819848632812466,False
2026-02-24T19:00:00Z,turbine_2,2026-02-24T21:00:00Z,0.015017394963454882,2.0636804599510468,-2.8466389973958144,False
2026-02-24T19:00:00Z,turbine_2,2026-02-24T22:00:00Z,0.0154572077508906,2.1116013570850987,-2.8550211588541474,False
2026-02-24T19:00:00Z,turbine_2,2026-02-24T23:00:00Z,0.01551951854206603,2.118390584455382,-2.844995117187466,False
2026-02-24T19:00:00Z,turbine_2,2026-02-25T00:00:00Z,0.015645961754103512,2.1321675193932568,-2.8349690755207844,False
2026-02-24T19:00:00Z,turbine_2,2026-02-25T01:00:00Z,0.01596641601291756,2.16708341090776,-2.670467122395782,False
2026-02-24T19:00:00Z,turbine_2,2026-02-25T02:00:00Z,0.016449050074741293,2.219670006592919,-2.35148925781246,False
2026-02-24T19:00:00Z,turbine_2,2026-02-25T03:00:00Z,0.01693168737273329,2.272256954882847,-2.0325113932291385,False
2026-02-24T19:00:00Z,turbine_2,2026-02-25T04:00:00Z,0.014916710705477586,2.0527101559776693,-1.7776814778645567,False
2026-02-24T19:00:00Z,turbine_2,2026-02-25T05:00:00Z,0.010580394067473827,1.5802359817681997,-1.586999511718716,False
2026-02-24T19:00:00Z,turbine_2,2026-02-25T06:00:00Z,0.009958205114325899,1.1732171215882081,-1.3963175455728751,False
2026-02-24T19:00:00Z,turbine_2,2026-02-25T07:00:00Z,0.009955193297121911,1.0585842927360125,-1.1299560546874545,False
2026-02-24T19:00:00Z,turbine_2,2026-02-25T08:00:00Z,0.009959050324173081,1.2053866688063684,-0.7879150390624545,False
2026-02-24T19:00:00Z,turbine_2,2026-02-25T09:00:00Z,0.009963578618083772,1.3777381449083874,-0.4458740234374545,False
2026-02-24T19:00:00Z,turbine_2,2026-02-25T10:00:00Z,0.010895667781963948,1.614587414179336,-0.24677734374995453,False
2026-02-24T19:00:00Z,turbine_2,2026-02-25T11:00:00Z,0.01359629926703553,1.9088414406428396,-0.19062499999995453,False
2026-02-24T19:00:00Z,turbine_2,2026-02-25T12:00:00Z,0.01634394266592938,2.2082177672092733,-0.13447265624995453,False
2026-02-24T19:00:00Z,turbine_2,2026-02-25T13:00:00Z,0.018481010730448687,2.44106733824014,-0.04871012369787309,False
2026-02-24T19:00:00Z,turbine_2,2026-02-25T14:00:00Z,0.023364750079924727,2.646365852480359,0.06666259765628979,False
2026-02-24T19:00:00Z,turbine_2,2026-02-25T15:00:00Z,0.03091479701861246,2.923749832703983,0.18203531901045267,False
2026-02-24T19:00:00Z,turbine_2,2026-02-25T16:00:00Z,0.03305817628471617,3.0024962400824746,-0.1346313476562197,False
2026-02-24T19:00:00Z,turbine_2,2026-02-25T17:00:00Z,0.02964915336121575,2.8772508800372725,-0.8833374023437273,False
2026-02-24T19:00:00Z,turbine_2,2026-02-25T18:00:00Z,0.027719426893648123,2.806353942221702,-1.632043457031235,False
2026-02-24T19:00:00Z,turbine_2,2026-02-25T19:00:00Z,0.03259632961518466,2.9855282836594195,-1.9596354166666479,False
2026-02-25T19:00:00Z,turbine_1,2026-02-25T20:00:00Z,0.04330684004160072,3.3041535807964197,-1.4318115234374602,False
2026-02-25T19:00:00Z,turbine_1,2026-02-25T21:00:00Z,0.05112964283218014,3.54245117908307,-1.7996988932291156,False
2026-02-25T19:00:00Z,turbine_1,2026-02-25T22:00:00Z,0.060289948294817375,3.737151014406357,-1.8551871744791129,False
2026-02-25T19:00:00Z,turbine_1,2026-02-25T23:00:00Z,0.06728161823381242,3.8857570834189508,-1.5982763671874523,False
2026-02-25T19:00:00Z,turbine_1,2026-02-26T00:00:00Z,0.07449414949913176,4.039057500675718,-1.3413655598957916,False
2026-02-25T19:00:00Z,turbine_1,2026-02-26T01:00:00Z,0.04891467044486176,3.4953725351649707,-1.0172526041666288,False
2026-02-25T19:00:00Z,turbine_1,2026-02-26T02:00:00Z,0.0181851968666894,2.2556981995509244,-0.6259374999999636,False
2026-02-25T19:00:00Z,turbine_1,2026-02-26T03:00:00Z,0.010182671118691849,1.0497940565438355,-0.23462239583329847,False
2026-02-25T19:00:00Z,turbine_1,2026-02-26T04:00:00Z,0.010200115654342262,1.0744590532381517,-0.1010375976562159,False
2026-02-25T19:00:00Z,turbine_1,2026-02-26T05:00:00Z,0.022673816183225417,2.5584436918867635,-0.2251831054687159,False
2026-02-25T19:00:00Z,turbine_1,2026-02-26T06:00:00Z,0.08733039360374278,4.311888425750324,-0.3493286132812159,False
2026-02-25T19:00:00Z,turbine_1,2026-02-26T07:00:00Z,0.10655305630828878,4.637036091279307,-0.19886881510413446,False
2026-02-25T19:00:00Z,turbine_1,2026-02-26T08:00:00Z,0.05029299563821457,3.524668467408967,0.22619628906252842,False
2026-02-25T19:00:00Z,turbine_1,2026-02-26T09:00:00Z,0.019857925140952304,2.4158181114056894,0.6512613932291913,False
2026-02-25T19:00:00Z,turbine_1,2026-02-26T10:00:00Z,0.019437825476957032,2.3756045739148015,0.7373738606771099,False
2026-02-25T19:00:00Z,turbine_1,2026-02-26T11:00:00Z,0.046251059943313015,3.4105623122989654,0.4845336914062841,False
2026-02-25T19:00:00Z,turbine_1,2026-02-26T12:00:00Z,0.09420658777260743,4.458040088245589,0.23169352213545835,False
2026-02-25T19:00:00Z,turbine_1,2026-02-26T13:00:00Z,0.12447180416354683,4.872947781847142,0.11431884765629738,False
2026-02-25T19:00:00Z,turbine_1,2026-02-26T14:00:00Z,0.11005472066556628,4.68313772544478,0.13240966796880116,False
2026-02-25T19:00:00Z,turbine_1,2026-02-26T15:00:00Z,0.10063486118415318,4.559119295523098,0.15050048828130497,False
2026-02-25T19:00:00Z,turbine_1,2026-02-26T16:00:00Z,0.14129447310296603,5.094428897682857,0.13009033203130116,False
2026-02-25T19:00:00Z,turbine_1,2026-02-26T17:00:00Z,0.2609213518454389,6.255530679820461,0.07117919921878979,False
2026-02-25T19:00:00Z,turbine_1,2026-02-26T18:00:00Z,0.4276748123469114,7.41820841156491,0.012268066406278422,False
2026-02-25T19:00:00Z,turbine_1,2026-02-26T19:00:00Z,0.4258949256133203,7.406325525787045,-0.27123209635414014,False
2026-02-25T19:00:00Z,turbine_2,2026-02-25T20:00:00Z,0.04126891390537431,3.3041535807964197,-1.4318115234374602,False
2026-02-25T19:00:00Z,turbine_2,2026-02-25T21:00:00Z,0.04866295487909481,3.54245117908307,-1.7996988932291156,False
2026-02-25T19:00:00Z,turbine_2,2026-02-25T22:00:00Z,0.05744904156970949,3.737151014406357,-1.8551871744791129,False
2026-02-25T19:00:00Z,turbine_2,2026-02-25T23:00:00Z,0.0641550863022494,3.8857570834189508,-1.5982763671874523,False
2026-02-25T19:00:00Z,turbine_2,2026-02-26T00:00:00Z,0.07107296968663389,4.039057500675718,-1.3413655598957916,False
2026-02-25T19:00:00Z,turbine_2,2026-02-26T01:00:00Z,0.046538469020880394,3.4953725351649707,-1.0172526041666288,False
2026-02-25T19:00:00Z,turbine_2,2026-02-26T02:00:00Z,0.016779712915355613,2.2556981995509244,-0.6259374999999636,False
2026-02-25T19:00:00Z,turbine_2,2026-02-26T03:00:00Z,0.009954962345963716,1.0497940565438355,-0.23462239583329847,False
2026-02-25T19:00:00Z,turbine_2,2026-02-26T04:00:00Z,0.009955610384244931,1.0744590532381517,-0.1010375976562159,False
2026-02-25T19:00:00Z,turbine_2,2026-02-26T05:00:00Z,0.020971618223869715,2.5584436918867635,-0.2251831054687159,False
2026-02-25T19:00:00Z,turbine_2,2026-02-26T06:00:00Z,0.08338482478196983,4.311888425750324,-0.3493286132812159,False
2026-02-25T19:00:00Z,turbine_2,2026-02-26T07:00:00Z,0.10127028824041952,4.637036091279307,-0.19886881510413446,False
2026-02-25T19:00:00Z,turbine_2,2026-02-26T08:00:00Z,0.04786048657652309,3.524668467408967,0.22619628906252842,False
2026-02-25T19:00:00Z,turbine_2,2026-02-26T09:00:00Z,0.01824927606981426,2.4158181114056894,0.6512613932291913,False
2026-02-25T19:00:00Z,turbine_2,2026-02-26T10:00:00Z,0.017880200591802176,2.3756045739148015,0.7373738606771099,False
2026-02-25T19:00:00Z,turbine_2,2026-02-26T11:00:00Z,0.044165227228453584,3.4105623122989654,0.4845336914062841,False
2026-02-25T19:00:00Z,turbine_2,2026-02-26T12:00:00Z,0.08998011118541588,4.458040088245589,0.23169352213545835,False
2026-02-25T19:00:00Z,turbine_2,2026-02-26T13:00:00Z,0.11852682020971031,4.872947781847142,0.11431884765629738,False
2026-02-25T19:00:00Z,turbine_2,2026-02-26T14:00:00Z,0.10464254301040635,4.68313772544478,0.13240966796880116,False
2026-02-25T19:00:00Z,turbine_2,2026-02-26T15:00:00Z,0.0955708094495408,4.559119295523098,0.15050048828130497,False
2026-02-25T19:00:00Z,turbine_2,2026-02-26T16:00:00Z,0.13472778060643226,5.094428897682857,0.13009033203130116,False
2026-02-25T19:00:00Z,turbine_2,2026-02-26T17:00:00Z,0.2511313203543813,6.255530679820461,0.07117919921878979,False
2026-02-25T19:00:00Z,turbine_2,2026-02-26T18:00:00Z,0.4127975032377912,7.41820841156491,0.012268066406278422,False
2026-02-25T19:00:00Z,turbine_2,2026-02-26T19:00:00Z,0.41107536138243966,7.406325525787045,-0.27123209635414014,False
2026-02-26T19:00:00Z,turbine_1,2026-02-26T20:00:00Z,0.16442374858216446,5.398940492130329,-0.6827636718749659,False
2026-02-26T19:00:00Z,turbine_1,2026-02-26T21:00:00Z,0.08026554243626689,4.1617269093574984,-0.7275878906249507,False
2026-02-26T19:00:00Z,turbine_1,2026-02-26T22:00:00Z,0.05416196596705853,3.606902393883263,-0.7532552083332764,False
2026-02-26T19:00:00Z,turbine_1,2026-02-26T23:00:00Z,0.06047251155351869,3.741031347496799,-0.7597656249999432,False
2026-02-26T19:00:00Z,turbine_1,2026-02-27T00:00:00Z,0.06808319322852091,3.9027943449060887,-0.7662760416666099,False
2026-02-26T19:00:00Z,turbine_1,2026-02-27T01:00:00Z,0.058213880103389834,3.6930247419103646,-0.6421386718749508,False
2026-02-26T19:00:00Z,turbine_1,2026-02-27T02:00:00Z,0.037626362760573,3.098852209981131,-0.38735351562496595,False
2026-02-26T19:00:00Z,turbine_1,2026-02-27T03:00:00Z,0.021196207593135855,2.505040596677315,-0.13256835937498107,False
2026-02-26T19:00:00Z,turbine_1,2026-02-27T04:00:00Z,0.017842762960955143,2.222919123806292,-0.01737467447914772,False
2026-02-26T19:00:00Z,turbine_1,2026-02-27T05:00:00Z,0.01887127937577656,2.3213726265157826,-0.041772460937465894,False
2026-02-26T19:00:00Z,turbine_1,2026-02-27T06:00:00Z,0.022306891292728392,2.545182450044131,-0.06617024739578407,False
2026-02-26T19:00:00Z,turbine_1,2026-02-27T07:00:00Z,0.031247886351633426,2.868324054390769,0.021053059895886392,False
2026-02-26T19:00:00Z,turbine_1,2026-02-27T08:00:00Z,0.04149803309598861,3.238780456831175,0.21989746093754547,False
2026-02-26T19:00:00Z,turbine_1,2026-02-27T09:00:00Z,0.05461045416438855,3.616434890208932,0.4187418619792046,False
2026-02-26T19:00:00Z,turbine_1,2026-02-27T10:00:00Z,0.07397093948189394,4.027936812112308,0.21013997395836742,False
2026-02-26T19:00:00Z,turbine_1,2026-02-27T11:00:00Z,0.0949276331911648,4.473365715193985,-0.40590820312496595,False
2026-02-26T19:00:00Z,turbine_1,2026-02-27T12:00:00Z,0.12835764489367507,4.924107341841335,-1.0219563802082994,False
2026-02-26T19:00:00Z,turbine_1,2026-02-27T13:00:00Z,0.14399977790951662,5.130045952823647,-1.808723958333303,False
2026-02-26T19:00:00Z,turbine_1,2026-02-27T14:00:00Z,0.14096079239571507,5.09003577934706,-2.7662109374999773,False
2026-02-26T19:00:00Z,turbine_1,2026-02-27T15:00:00Z,0.1380926265438553,5.052274555158473,-3.7236979166666515,False
2026-02-26T19:00:00Z,turbine_1,2026-02-27T16:00:00Z,0.12071951247753726,4.823546479797434,-4.4190234374999875,False
2026-02-26T19:00:00Z,turbine_1,2026-02-27T17:00:00Z,0.09299995696314763,4.432393474073599,-4.852187499999985,False
2026-02-26T19:00:00Z,turbine_1,2026-02-27T18:00:00Z,0.07777218613102412,4.108731289941409,-5.285351562499983,False
2026-02-26T19:00:00Z,turbine_1,2026-02-27T19:00:00Z,0.07663377668703199,4.084534702591807,-5.618688151041644,False
2026-02-26T19:00:00Z,turbine_2,2026-02-26T20:00:00Z,0.1570022768467597,5.398940492130329,-0.6827636718749659,False
2026-02-26T19:00:00Z,turbine_2,2026-02-26T21:00:00Z,0.07660858843625927,4.1617269093574984,-0.7275878906249507,False
2026-02-26T19:00:00Z,turbine_2,2026-02-26T22:00:00Z,0.05157140089606069,3.606902393883263,-0.7532552083332764,False
2026-02-26T19:00:00Z,turbine_2,2026-02-26T23:00:00Z,0.057624146714839564,3.741031347496799,-0.7597656249999432,False
2026-02-26T19:00:00Z,turbine_2,2026-02-27T00:00:00Z,0.06492391518260317,3.9027943449060887,-0.7662760416666099,False
2026-02-26T19:00:00Z,turbine_2,2026-02-27T01:00:00Z,0.055457785363253395,3.6930247419103646,-0.6421386718749508,False
2026-02-26T19:00:00Z,turbine_2,2026-02-27T02:00:00Z,0.03568086594030169,3.098852209981131,-0.38735351562496595,False
2026-02-26T19:00:00Z,turbine_2,2026-02-27T03:00:00Z,0.019518052393653076,2.505040596677315,-0.13256835937498107,False
2026-02-26T19:00:00Z,turbine_2,2026-02-27T04:00:00Z,0.016478870119518867,2.222919123806292,-0.01737467447914772,False
2026-02-26T19:00:00Z,turbine_2,2026-02-27T05:00:00Z,0.017382465670711125,2.3213726265157826,-0.041772460937465894,False
2026-02-26T19:00:00Z,turbine_2,2026-02-27T06:00:00Z,0.020610663714901865,2.545182450044131,-0.06617024739578407,False
2026-02-26T19:00:00Z,turbine_2,2026-02-27T07:00:00Z,0.029406176270072103,2.868324054390769,0.021053059895886392,False
2026-02-26T19:00:00Z,turbine_2,2026-02-27T08:00:00Z,0.039489538780436165,3.238780456831175,0.21989746093754547,False
2026-02-26T19:00:00Z,turbine_2,2026-02-27T09:00:00Z,0.0520015673569425,3.616434890208932,0.4187418619792046,False
2026-02-26T19:00:00Z,turbine_2,2026-02-27T10:00:00Z,0.07057113395772731,4.027936812112308,0.21013997395836742,False
2026-02-26T19:00:00Z,turbine_2,2026-02-27T11:00:00Z,0.0906717003012107,4.473365715193985,-0.40590820312496595,False
2026-02-26T19:00:00Z,turbine_2,2026-02-27T12:00:00Z,0.12226905350238723,4.924107341841335,-1.0219563802082994,False
2026-02-26T19:00:00Z,turbine_2,2026-02-27T13:00:00Z,0.13733310656213052,5.130045952823647,-1.808723958333303,False
2026-02-26T19:00:00Z,turbine_2,2026-02-27T14:00:00Z,0.13440643160153948,5.09003577934706,-2.7662109374999773,False
2026-02-26T19:00:00Z,turbine_2,2026-02-27T15:00:00Z,0.13164426339003008,5.052274555158473,-3.7236979166666515,False
2026-02-26T19:00:00Z,turbine_2,2026-02-27T16:00:00Z,0.11491320044337558,4.823546479797434,-4.4190234374999875,False
2026-02-26T19:00:00Z,turbine_2,2026-02-27T17:00:00Z,0.08882277391770996,4.432393474073599,-4.852187499999985,False
2026-02-26T19:00:00Z,turbine_2,2026-02-27T18:00:00Z,0.07421709125990346,4.108731289941409,-5.285351562499983,False
2026-02-26T19:00:00Z,turbine_2,2026-02-27T19:00:00Z,0.07312518836374722,4.084534702591807,-5.618688151041644,False
2026-02-27T19:00:00Z,turbine_1,2026-02-27T20:00:00Z,0.0854314878615468,4.271527693588281,-4.228505859374991,False
2026-02-27T19:00:00Z,turbine_1,2026-02-27T21:00:00Z,0.08680821212150136,4.300789598422353,-4.5771842447916615,False
2026-02-27T19:00:00Z,turbine_1,2026-02-27T22:00:00Z,0.08973814550394824,4.363064546501036,-5.020944010416656,False
2026-02-27T19:00:00Z,turbine_1,2026-02-27T23:00:00Z,0.09429841659047787,4.459991885136013,-5.559785156249973,False
2026-02-27T19:00:00Z,turbine_1,2026-02-28T00:00:00Z,0.10074713876579103,4.560597501160625,-6.098626302083289,False
2026-02-27T19:00:00Z,turbine_1,2026-02-28T01:00:00Z,0.11400639312480633,4.7351640019435655,-6.2764843749999475,False
2026-02-27T19:00:00Z,turbine_1,2026-02-28T02:00:00Z,0.13279765589623752,4.982562905266596,-6.093359374999949,False
2026-02-27T19:00:00Z,turbine_1,2026-02-28T03:00:00Z,0.15168074121919264,5.231170710770584,-5.91023437499995,False
2026-02-27T19:00:00Z,turbine_1,2026-02-28T04:00:00Z,0.1599649416573657,5.340237468456932,-5.7135742187499545,False
2026-02-27T19:00:00Z,turbine_1,2026-02-28T05:00:00Z,0.15819794967415213,5.3169738972885146,-5.503378906249964,False
2026-02-27T19:00:00Z,turbine_1,2026-02-28T06:00:00Z,0.1576164766780725,5.309318436168533,-5.293183593749973,False
2026-02-27T19:00:00Z,turbine_1,2026-02-28T07:00:00Z,0.1615887555544011,5.361616009229509,-5.1037988281249795,False
2026-02-27T19:00:00Z,turbine_1,2026-02-28T08:00:00Z,0.16964160522616828,5.467636887211659,-4.935224609374984,False
2026-02-27T19:00:00Z,turbine_1,2026-02-28T09:00:00Z,0.18048869542640805,5.5767822354352585,-4.766650390624989,False
2026-02-27T19:00:00Z,turbine_1,2026-02-28T10:00:00Z,0.16102720707949664,5.354222867079143,-4.863499348958319,False
2026-02-27T19:00:00Z,turbine_1,2026-02-28T11:00:00Z,0.12006956590478227,4.814989520572607,-5.225771484374974,False
2026-02-27T19:00:00Z,turbine_1,2026-02-28T12:00:00Z,0.08748734110813644,4.3152243028544754,-5.588043619791629,False
2026-02-27T19:00:00Z,turbine_1,2026-02-28T13:00:00Z,0.07356621625520303,4.0193345284974615,-5.788232421874957,False
2026-02-27T19:00:00Z,turbine_1,2026-02-28T14:00:00Z,0.06829134984605331,3.9072186579729746,-5.826337890624956,False
2026-02-27T19:00:00Z,turbine_1,2026-02-28T15:00:00Z,0.06329341180283073,3.800988825579233,-5.864443359374954,False
2026-02-27T19:00:00Z,turbine_1,2026-02-28T16:00:00Z,0.05968296588036489,3.724249766012397,-5.880218098958295,False
2026-02-27T19:00:00Z,turbine_1,2026-02-28T17:00:00Z,0.057487479196541236,3.6775852854949678,-5.873662109374976,False
2026-02-27T19:00:00Z,turbine_1,2026-02-28T18:00:00Z,0.05564157831547043,3.638351157437395,-5.867106119791657,False
2026-02-27T19:00:00Z,turbine_1,2026-02-28T19:00:00Z,0.05282145720085491,3.5784102396539295,-5.973365885416664,False
2026-02-27T19:00:00Z,turbine_2,2026-02-27T20:00:00Z,0.08156349354620594,4.271527693588281,-4.228505859374991,False
2026-02-27T19:00:00Z,turbine_2,2026-02-27T21:00:00Z,0.08288397557012643,4.300789598422353,-4.5771842447916615,False
2026-02-27T19:00:00Z,turbine_2,2026-02-27T22:00:00Z,0.08569421468288335,4.363064546501036,-5.020944010416656,False
2026-02-27T19:00:00Z,turbine_2,2026-02-27T23:00:00Z,0.09006818859263742,4.459991885136013,-5.559785156249973,False
2026-02-27T19:00:00Z,turbine_2,2026-02-28T00:00:00Z,0.09567893763420074,4.560597501160625,-6.098626302083289,False
2026-02-27T19:00:00Z,turbine_2,2026-02-28T01:00:00Z,0.10844817511572288,4.7351640019435655,-6.2764843749999475,False
2026-02-27T19:00:00Z,turbine_2,2026-02-28T02:00:00Z,0.12654497682184165,4.982562905266596,-6.093359374999949,False
2026-02-27T19:00:00Z,turbine_2,2026-02-28T03:00:00Z,0.14473020763074562,5.231170710770584,-5.91023437499995,False
2026-02-27T19:00:00Z,turbine_2,2026-02-28T04:00:00Z,0.15270825223833223,5.340237468456932,-5.7135742187499545,False
2026-02-27T19:00:00Z,turbine_2,2026-02-28T05:00:00Z,0.15100656226009762,5.3169738972885146,-5.503378906249964,False
2026-02-27T19:00:00Z,turbine_2,2026-02-28T06:00:00Z,0.15044657852534224,5.309318436168533,-5.293183593749973,False
2026-02-27T19:00:00Z,turbine_2,2026-02-28T07:00:00Z,0.15427205550476122,5.361616009229509,-5.1037988281249795,False
2026-02-27T19:00:00Z,turbine_2,2026-02-28T08:00:00Z,0.16202729928224235,5.467636887211659,-4.935224609374984,False
2026-02-27T19:00:00Z,turbine_2,2026-02-28T09:00:00Z,0.17279519397117574,5.5767822354352585,-4.766650390624989,False
2026-02-27T19:00:00Z,turbine_2,2026-02-28T10:00:00Z,0.1537312599487452,5.354222867079143,-4.863499348958319,False
2026-02-27T19:00:00Z,turbine_2,2026-02-28T11:00:00Z,0.11428727368210435,4.814989520572607,-5.225771484374974,False
2026-02-27T19:00:00Z,turbine_2,2026-02-28T12:00:00Z,0.08353536063310524,4.3152243028544754,-5.588043619791629,False
2026-02-27T19:00:00Z,turbine_2,2026-02-28T13:00:00Z,0.07018294457147643,4.0193345284974615,-5.788232421874957,False
2026-02-27T19:00:00Z,turbine_2,2026-02-28T14:00:00Z,0.06512356814115618,3.9072186579729746,-5.826337890624956,False
2026-02-27T19:00:00Z,turbine_2,2026-02-28T15:00:00Z,0.060329806939503794,3.800988825579233,-5.864443359374954,False
2026-02-27T19:00:00Z,turbine_2,2026-02-28T16:00:00Z,0.05686685573160504,3.724249766012397,-5.880218098958295,False
2026-02-27T19:00:00Z,turbine_2,2026-02-28T17:00:00Z,0.05476105954272868,3.6775852854949678,-5.873662109374976,False
2026-02-27T19:00:00Z,turbine_2,2026-02-28T18:00:00Z,0.05299056780208526,3.638351157437395,-5.867106119791657,False
2026-02-27T19:00:00Z,turbine_2,2026-02-28T19:00:00Z,0.050285654882739075,3.5784102396539295,-5.973365885416664,False
